Opening Name,Line
Undefined,
King's Pawn Opening,1.e4
King's Fianchetto Opening,1.g3
Nimzowitsch-Larsen Attack,1.b3
Grob Opening,1.g4
Bird's Opening,1.f4
Mieses Opening,1.d3
Van 't Kruijs Opening,1.e3
Van Geet Opening,1.Nc3
Polish Opening,1.b4
Queen's Pawn Opening,1.d4
English Opening,1.c4
Réti Opening,1.Nf3
Anderssen Opening,1.a3
King's Fianchetto Opening: Sicilian Invitation,1.g3 c5
Réti Opening: Dutch Variation,1.Nf3 f5
French Defense,1.e4 e6
Nimzowitsch-Larsen Attack: Modern Variation,1.b3 e5
Sicilian Defense,1.e4 c5
Queen's Pawn Opening: Horwitz Defense,1.d4 e6
Old Benoni Defense,1.d4 c5
Queen's Pawn Opening: Mikėnas Defense,1.d4 Nc6
English Opening: Anglo-Dutch Defense,1.c4 f5
Modern Defense with 1.e4,1.e4 g6
English Opening: King's English Variation,1.c4 e5
Scandinavian Defense,1.e4 d5
Queen's Pawn Opening: St. George Defense,1.d4 a6
Réti Opening: Dutch Variation,1.Nf3 f5
French Defense,1.e4 e6
Nimzowitsch-Larsen Attack: Modern Variation,1.b3 e5
Sicilian Defense,1.e4 c5
Modern Defense with 1.e4,1.e4 g6
King's Fianchetto Opening: Sicilian Invitation,1.g3 c5
English Opening: King's English Variation,1.c4 e5
Queen's Pawn Opening: Horwitz Defense,1.d4 e6
English Opening: Anglo-Dutch Defense,1.c4 f5
Queen's Pawn Opening: Mikėnas Defense,1.d4 Nc6
Old Benoni Defense,1.d4 c5
Bird's Opening: Dutch Variation,1.f4 d5
Nimzowitsch-Larsen Attack: Indian Variation,1.b3 Nf6
Englund Gambit,1.d4 e5
Owen's Defense,1.e4 b6
Caro-Kann Defense,1.e4 c6
King's Fianchetto Opening: Symmetrical Variation,1.g3 g6
Queen's Pawn Opening: Polish Defense,1.d4 b5
English Opening: Symmetrical Variation,1.c4 c5
English Opening: Great Snake Variation,1.c4 g6
King's Fianchetto Opening: Indian Defense,1.g3 Nf6
Indian Game,1.d4 Nf6
Réti Opening: Queen's Gambit Invitation,1.Nf3 e6
Alekhine's Defense,1.e4 Nf6
Réti Opening: Queenside Fianchetto Variation,1.Nf3 b6
English Opening: Agincourt Defense,1.c4 e6
Nimzowitsch-Larsen Attack: English Variation,1.b3 c5
Modern Defense with 1.d4,1.d4 g6
Nimzowitsch Defense,1.e4 Nc6
Dutch Defense,1.d4 f5
King's Gambit,1.e4 e5 2.f4
French Defense: Chigorin Variation,1.e4 e6 2.Qe2
Réti Opening: Réti Gambit,1.Nf3 d5 2.c4
Dutch Defense: Staunton Gambit,1.d4 f5 2.e4
Queen's Pawn Opening: Tartakower Variation,1.d4 d6 2.Nf3
"Pirc Defense: Modern Defense, Geller System",1.e4 d6 2.Nf3
French Defense: Steiner Variation,1.e4 e6 2.c4
Sicilian Defense: Wing Gambit,1.e4 c5 2.b4
French Defense: King's Indian Attack,1.e4 e6 2.d3
Vienna Game,1.e4 e5 2.Nc3
French Defense: Queen's Knight Variation,1.e4 e6 2.Nc3
Réti Opening: Quiet System,1.Nf3 Nf6 2.e3
Bishop's Opening,1.e4 e5 2.Bc4
Indian Game: Tartakower Attack,1.d4 Nf6 2.g3
Sicilian Defense: Cowboy Attack,1.e4 c5 2.b3
Scandinavian Defense: Closed,1.e4 d5 2.Nc3
Center Game,1.e4 e5 2.d4
Queen's Pawn Opening: Chigorin Variation,1.d4 d5 2.Nc3
Réti Opening: Nimzo-Larsen Variation,1.Nf3 Nf6 2.b3
Sicilian Defense: Mengarini Variation,1.e4 c5 2.a3
King's Gambit,1.e4 e5 2.f4
Sicilian Defense: Smith-Morra Gambit,1.e4 c5 2.d4
Queen's Pawn Opening: Accelerated London System,1.d4 d5 2.Bf4
Caro-Kann Defense: Accelerated Panov Attack,1.e4 c6 2.c4
French Defense: Horwitz Attack,1.e4 e6 2.b3
Dutch Defense: Fianchetto Attack,1.d4 f5 2.g3
Bishop's Opening,1.e4 e5 2.Bc4
Réti Opening: Quiet System,1.Nf3 Nf6 2.e3
French Defense: Queen's Knight Variation,1.e4 e6 2.Nc3
Vienna Game,1.e4 e5 2.Nc3
French Defense: King's Indian Attack,1.e4 e6 2.d3
Sicilian Defense: Wing Gambit,1.e4 c5 2.b4
French Defense: Steiner Variation,1.e4 e6 2.c4
"Pirc Defense: Modern Defense, Geller System",1.e4 d6 2.Nf3
Queen's Pawn Opening: Tartakower Variation,1.d4 d6 2.Nf3
Dutch Defense: Staunton Gambit,1.d4 f5 2.e4
Réti Opening: Réti Gambit,1.Nf3 d5 2.c4
French Defense: Normal Variation,1.e4 e6 2.d4
Indian Game: Knights Variation,1.Nf3 Nf6 2.d4
English Opening: Reversed Sicilian Variation,1.c4 e5 2.Nc3
Réti Opening: King's Indian Attack,1.Nf3 Nf6 2.g3
Closed Sicilian Defense,1.e4 c5 2.Nc3
Queen's Pawn Opening: Zukertort Variation,1.d4 d5 2.Nf3
Indian Game: Knights Variation,1.Nf3 Nf6 2.d4
English Opening: Reversed Sicilian Variation,1.c4 e5 2.Nc3
Réti Opening: King's Indian Attack,1.Nf3 Nf6 2.g3
Closed Sicilian Defense,1.e4 c5 2.Nc3
French Defense: Normal Variation,1.e4 e6 2.d4
King's Pawn Opening: King's Knight Variation,1.e4 e5 2.Nf3
Queen's Pawn Opening: Zukertort Variation,1.d4 d5 2.Nf3
"English Opening: Anglo-Indian, King's Knight Variation",1.c4 Nf6 2.Nf3
"English Opening: Anglo-Indian, Old Indian Formation",1.c4 Nf6 2.Nf3 d6
Nimzowitsch Defense: Scandinavian Variation,1.e4 Nc6 2.d4 d5
Vienna Game: Falkbeer Variation,1.e4 e5 2.Nc3 Nf6
Vienna Game: Max Lange Defense,1.e4 e5 2.Nc3 Nc6
Réti Opening: Réti Gambit Accepted,1.Nf3 d5 2.c4 dxc4
"Queen's Pawn Opening: Zukertort, Chigorin Variation",1.d4 d5 2.Nf3 Nc6
Old Indian Defense,1.d4 Nf6 2.c4 d6
French Defense: St. George Defense,1.e4 e6 2.d4 a6
"English Opening: Reversed Sicilian, Kramnik-Shirov Counterattack",1.c4 e5 2.Nc3 Bb4
English Opening: Agincourt Defense,1.c4 Nf6 2.Nc3 e6
King's Indian Attack: Sicilian Variation,1.Nf3 d5 2.g3 c5
"English Opening: Anglo-Indian, King's Knight, Queen's Indian Formation",1.c4 Nf6 2.Nf3 b6
Dutch Defense: Raphael Variation,1.d4 d5 2.Nc3 f5
Benoni Defense,1.d4 Nf6 2.c4 c5
King's Indian Attack: Keres Variation,1.Nf3 d5 2.g3 Bg4
English Opening: Caro-Kann Defensive System,1.Nf3 d5 2.c4 c6
Center Game Accepted,1.e4 e5 2.d4 exd4
Sicilian Defense: Old Sicilian Variation,1.e4 c5 2.Nf3 Nc6
"English Opening: Anglo-Indian, Anglo-Grünfeld Defense",1.c4 Nf6 2.Nc3 d5
Alekhine's Defense: Normal Variation,1.e4 Nf6 2.e5 Nd5
Queen's Pawn Opening: Rossolimo Variation,1.d4 d6 2.Nf3 g6
Petrov's Defense,1.e4 e5 2.Nf3 Nf6
Benoni Defense,1.d4 Nf6 2.c4 c5
Modern Defense: Gurgenidze Variation,1.e4 g6 2.d4 c6
Nimzowitsch Defense: Scandinavian Variation,1.e4 Nc6 2.d4 d5
Vienna Game: Falkbeer Variation,1.e4 e5 2.Nc3 Nf6
Vienna Game: Max Lange Defense,1.e4 e5 2.Nc3 Nc6
Réti Opening: Réti Gambit Accepted,1.Nf3 d5 2.c4 dxc4
"Queen's Pawn Opening: Zukertort, Chigorin Variation",1.d4 d5 2.Nf3 Nc6
English Opening: Caro-Kann Defensive System,1.Nf3 d5 2.c4 c6
"English Opening: Anglo-Indian, Old Indian Formation",1.c4 Nf6 2.Nf3 d6
King's Indian Attack: Keres Variation,1.Nf3 d5 2.g3 Bg4
Dutch Defense: Raphael Variation,1.d4 d5 2.Nc3 f5
Center Game Accepted,1.e4 e5 2.d4 exd4
Old Indian Defense,1.d4 Nf6 2.c4 d6
"English Opening: Anglo-Indian, King's Knight, Queen's Indian Formation",1.c4 Nf6 2.Nf3 b6
King's Indian Attack: Sicilian Variation,1.Nf3 d5 2.g3 c5
English Opening: Agincourt Defense,1.c4 Nf6 2.Nc3 e6
"English Opening: Reversed Sicilian, Kramnik-Shirov Counterattack",1.c4 e5 2.Nc3 Bb4
French Defense: St. George Defense,1.e4 e6 2.d4 a6
Queen's Pawn Opening: Keres Defense,1.d4 e6 2.c4 Bb4+
Queen's Pawn Opening: English Defense,1.d4 e6 2.c4 b6
Slav Defense,1.d4 d5 2.c4 c6
King's Indian Attack: Double Fianchetto Variation,1.Nf3 d5 2.g3 g6
"English Opening: Symmetrical, Two Knights Variation",1.c4 c5 2.Nc3 Nc6
King's Gambit Accepted,1.e4 e5 2.f4 exf4
"King's Pawn Opening: King's Knight, Elephant Gambit",1.e4 e5 2.Nf3 d5
Queen's Gambit Accepted,1.d4 d5 2.c4 dxc4
Philidor Defense,1.e4 e5 2.Nf3 d6
"Réti Opening: King's Indian Attack, Spassky Variation",1.Nf3 Nf6 2.g3 b5
Pirc Defense: Maróczy Defense,1.e4 d6 2.d4 e5
Indian Game: Accelerated Variation,1.d4 Nf6 2.c4 b6
"Réti Opening: King's Indian Attack, Symmetrical Defense",1.Nf3 Nf6 2.g3 g6
English Opening: Two Knights Variation,1.c4 e5 2.Nc3 Nf6
Queen's Pawn Opening: Keres Defense,1.d4 e6 2.c4 Bb4+
Scandinavian Defense: Mieses-Kotrč Variation,1.e4 d5 2.exd5 Qxd5
Queen's Pawn Opening: English Defense,1.d4 e6 2.c4 b6
Indian Game: Black Knights' Tango,1.d4 Nf6 2.c4 Nc6
Dutch Defense: Staunton Gambit Accepted,1.d4 f5 2.e4 fxe4
French Defense: Franco-Sicilian Defense,1.e4 e6 2.d4 c5
King's Gambit Declined: Classical Variation,1.e4 e5 2.f4 Bc5
Indian Game: Spielmann-Indian Variation,1.d4 Nf6 2.Nf3 c5
Queen's Pawn Opening: Wade Defense,1.d4 d6 2.Nf3 Bg4
Budapest Gambit,1.d4 Nf6 2.c4 e5
Sicilian Defense: Hyperaccelerated Dragon Variation,1.e4 c5 2.Nf3 g6
Queen's Gambit Declined: Albin Countergambit,1.d4 d5 2.c4 e5
Modern Defense,1.d4 d6 2.c4 g6
"Réti Opening: Réti Gambit Declined, Advance Variation",1.Nf3 d5 2.c4 d4
Trompowsky Attack: Classical Defense,1.d4 Nf6 2.Bg5 e6
Closed Sicilian Defense: Traditional Line,1.e4 c5 2.Nc3 Nc6
Alekhine's Defense: Scandinavian Variation,1.e4 Nf6 2.Nc3 d5
Queen's Pawn Opening: Krause Variation,1.d4 d5 2.Nf3 c5
Nimzowitsch Defense Declined: Williams Variation,1.e4 Nc6 2.Nf3 d6
Sicilian Defense: French Variation,1.e4 c5 2.Nf3 e6
Scandinavian Defense: Modern Variation,1.e4 d5 2.exd5 Nf6
Old Benoni Defense: Benoni-Indian Defense,1.d4 c5 2.d5 Nf6
"Queen's Pawn Opening: Accelerated London, Steinitz Countergambit",1.d4 d5 2.Bf4 c5
Caro-Kann Defense,1.e4 d5 2.Nc3 c6
Indian Game: Tartakower Defense,1.d4 Nf6 2.Nf3 d6
"English Opening: Anglo-Indian, King's Indian Defense",1.c4 Nf6 2.Nf3 g6
Dutch Defense: Classical Variation,1.d4 e6 2.c4 f5
Dutch Defense: Classical Variation,1.d4 f5 2.c4 e6
Queen's Gambit Declined: Baltic Defense,1.d4 d5 2.c4 Bf5
Sicilian Defense: Nyezhmetdinov-Rossolimo Attack,1.e4 c5 2.Nf3 Nc6 3.Bb5
"Sicilian Defense: Nimzowitsch, Advance Variation",1.e4 c5 2.Nf3 Nf6 3.e5
"English Opening: Reversed Sicilian, Three Knights System",1.c4 e5 2.Nc3 Nc6 3.Nf3
Ruy López Opening,1.e4 e5 2.Nf3 Nc6 3.Bb5
"Sicilian Defense: Nimzowitsch, Closed",1.e4 c5 2.Nf3 Nf6 3.Nc3
"Trompowsky Attack: Classical, Big Center Variation",1.d4 Nf6 2.Bg5 e6 3.e4
"Indian Game: East Indian, London System",1.d4 Nf6 2.Nf3 g6 3.Bf4
"Sicilian Defense: O'Kelly, Maróczy Bind Formation",1.e4 c5 2.Nf3 a6 3.c4
"Vienna Game: Falkbeer, Mieses Variation",1.e4 e5 2.Nc3 Nf6 3.g3
Sicilian Defense: Open,1.e4 c5 2.Nf3 Nc6 3.d4
Queen's Gambit Accepted: Old Variation,1.d4 d5 2.c4 dxc4 3.e3
Queen's Pawn Opening: Torre Attack,1.d4 d5 2.Nf3 Nf6 3.Bg5
"Sicilian Defense: O'Kelly, Venice System",1.e4 c5 2.Nf3 a6 3.c3
Queen's Gambit Accepted: Central Variation,1.d4 d5 2.c4 dxc4 3.e4
Petrov's Defense: Steinitz Attack,1.e4 e5 2.Nf3 Nf6 3.d4
Trompowsky Attack: Raptor Variation,1.d4 Nf6 2.Bg5 Ne4 3.h4
Sicilian Defense: Westerinen Attack,1.e4 c5 2.Nf3 e6 3.b3
Queen's Pawn Opening: Pseudo-Catalan Variation,1.d4 d5 2.Nf3 Nf6 3.g3
Richter-Veresov Attack,1.d4 d5 2.Nc3 Nf6 3.Bg5
"Vienna Game: Falkbeer, Mieses Variation",1.e4 e5 2.Nc3 Nf6 3.g3
English Opening: Mikėnas-Carls Variation,1.c4 Nf6 2.Nc3 e6 3.e4
Slav Defense: Modern Line,1.d4 d5 2.c4 c6 3.Nf3
Italian Game,1.e4 e5 2.Nf3 Nc6 3.Bc4
King's Gambit Accepted: Bishop's Gambit,1.e4 e5 2.f4 exf4 3.Bc4
Queen's Gambit Declined: Queen's Knight Variation,1.d4 d5 2.c4 e6 3.Nc3
Modern Defense: Three Pawns Attack,1.e4 g6 2.d4 Bg7 3.f4
Closed Sicilian Defense: Chameleon Variation,1.e4 c5 2.Nc3 Nc6 3.Nge2
"Indian Game: East Indian, Anti-Nimzo-Indian Variation",1.d4 Nf6 2.c4 e6 3.Nf3
Petrov's Defense: Three Knights Game,1.e4 e5 2.Nf3 Nf6 3.Nc3
"English Opening: Symmetrical, Anti-Benoni Variation",1.c4 c5 2.Nf3 Nf6 3.d4
Closed Sicilian Defense: Grand Prix Attack,1.e4 c5 2.Nc3 Nc6 3.f4
English Opening: Carls-Bremen System,1.c4 e5 2.Nc3 Nf6 3.g3
English Opening: Agincourt Defense,1.Nf3 d5 2.c4 e6 3.g3
Colle System,1.d4 d5 2.Nf3 Nf6 3.e3
English Opening: Agincourt Defense,1.Nf3 d5 2.c4 e6 3.g3
Indian Game: London System,1.d4 Nf6 2.Nf3 e6 3.Bf4
"Sicilian Defense: O'Kelly, Maróczy Bind Formation",1.e4 c5 2.Nf3 a6 3.c4
"Indian Game: East Indian, London System",1.d4 Nf6 2.Nf3 g6 3.Bf4
"Trompowsky Attack: Classical, Big Center Variation",1.d4 Nf6 2.Bg5 e6 3.e4
"Sicilian Defense: Nimzowitsch, Closed",1.e4 c5 2.Nf3 Nf6 3.Nc3
Ruy López Opening,1.e4 e5 2.Nf3 Nc6 3.Bb5
"English Opening: Reversed Sicilian, Three Knights System",1.c4 e5 2.Nc3 Nc6 3.Nf3
Sicilian Defense: Nyezhmetdinov-Rossolimo Attack,1.e4 c5 2.Nf3 Nc6 3.Bb5
Caro-Kann Defense: Two Knights Attack,1.e4 c6 2.Nc3 d5 3.Nf3
London System,1.d4 d5 2.Nf3 Nf6 3.Bf4
Sicilian Defense: Delayed Alapin Variation,1.e4 c5 2.Nf3 d6 3.c3
King's Gambit Accepted: King's Knight Gambit,1.e4 e5 2.f4 exf4 3.Nf3
"Sicilian Defense: Hyperaccelerated Dragon, Fianchetto Variation",1.e4 c5 2.Nf3 g6 3.d4
King's Gambit Declined: Falkbeer Countergambit Accepted,1.e4 e5 2.f4 d5 3.exd5
Caro-Kann Defense: Advance Variation,1.e4 c6 2.d4 d5 3.e5
Sicilian Defense: Kramnik Variation,1.e4 c5 2.Nf3 e6 3.c4
Three Knights Opening,1.e4 e5 2.Nf3 Nc6 3.Nc3
Modern Defense: Standard Line,1.e4 g6 2.d4 Bg7 3.Nc3
Sicilian Defense: Canal Attack,1.e4 c5 2.Nf3 d6 3.Bb5+
King's Indian Defense: Alekhine Anti-Grünfeld Variation,1.d4 Nf6 2.c4 g6 3.f3
"French Defense: Knight Variation, Two Knights Variation",1.e4 e6 2.Nf3 d5 3.Nc3
"English Opening: Symmetrical, Fianchetto Variation",1.c4 c5 2.Nc3 Nf6 3.g3
"Dutch Defense: Classical, Rubinstein Variation",1.d4 f5 2.c4 e6 3.Nc3
"French Defense: Horwitz, Papa-Ticulat Gambit",1.e4 e6 2.b3 d5 3.Bb2
King's Indian Defense: Alekhine Anti-Grünfeld Variation,1.d4 Nf6 2.c4 g6 3.f3
Sicilian Defense: Canal Attack,1.e4 c5 2.Nf3 d6 3.Bb5+
Modern Defense: Standard Line,1.e4 g6 2.d4 Bg7 3.Nc3
Three Knights Opening,1.e4 e5 2.Nf3 Nc6 3.Nc3
Sicilian Defense: Kramnik Variation,1.e4 c5 2.Nf3 e6 3.c4
Caro-Kann Defense: Advance Variation,1.e4 c6 2.d4 d5 3.e5
King's Gambit Declined: Falkbeer Countergambit Accepted,1.e4 e5 2.f4 d5 3.exd5
"Sicilian Defense: Hyperaccelerated Dragon, Fianchetto Variation",1.e4 c5 2.Nf3 g6 3.d4
King's Gambit Accepted: King's Knight Gambit,1.e4 e5 2.f4 exf4 3.Nf3
Sicilian Defense: Delayed Alapin Variation,1.e4 c5 2.Nf3 d6 3.c3
London System,1.d4 d5 2.Nf3 Nf6 3.Bf4
"English Opening: Symmetrical, Two Knights, Fianchetto Variation",1.c4 c5 2.Nc3 Nc6 3.g3
Scotch Game,1.e4 e5 2.Nf3 Nc6 3.d4
Caro-Kann Defense: Exchange Variation,1.e4 c6 2.d4 d5 3.exd5
"English Opening: Caro-Kann Defensive System, Anglo-Slav Variation",1.c4 c6 2.Nf3 d5 3.b3
Closed Sicilian Defense: Grand Prix Variation,1.e4 c5 2.Nc3 d6 3.f4
French Defense: Exchange Variation,1.e4 e6 2.d4 d5 3.exd5
"Indian Game: East Indian, Przepiórka Variation",1.d4 Nf6 2.Nf3 g6 3.g3
Dutch Defense: Queen's Knight Variation,1.d4 f5 2.c4 Nf6 3.Nc3
Catalan Opening,1.d4 Nf6 2.c4 e6 3.g3
"Sicilian Defense: O'Kelly, Normal System",1.e4 c5 2.Nf3 a6 3.d4
"Vienna Game: Max Lange, Paulsen Variation",1.e4 e5 2.Nc3 Nc6 3.g3
Caro-Kann Defense: Fantasy Variation,1.e4 c6 2.d4 d5 3.f3
French Defense: Advance Variation,1.e4 e6 2.d4 d5 3.e5
Trompowsky Attack: Edge Variation,1.d4 Nf6 2.Bg5 Ne4 3.Bh4
"French Defense: Horwitz, Papa-Ticulat Gambit",1.e4 e6 2.b3 d5 3.Bb2
"Sicilian Defense: O'Kelly, Yerevan System",1.e4 c5 2.Nf3 a6 3.Nc3
Caro-Kann Defense: Modern Variation,1.e4 c6 2.d4 d5 3.Nd2
"Vienna Game: Falkbeer, Stanley Variation",1.e4 e5 2.Nc3 Nf6 3.Bc4
Benoni Defense: Czech Variation,1.d4 Nf6 2.c4 c5 3.d5 e5
"Scandinavian Defense: Modern, Marshall Variation",1.e4 d5 2.exd5 Nf6 3.d4 Nxd5
Queen's Gambit Accepted: Gunsberg Defense with 3...c5,1.d4 d5 2.c4 dxc4 3.Nf3 c5
King's Indian Attack: French Variation,1.Nf3 d5 2.g3 c5 3.Bg2 Nc6
"Scandinavian Defense: Modern, Scandinavian Gambit",1.e4 d5 2.exd5 Nf6 3.c4 c6
"French Defense: Tarrasch, Guimard Defense",1.e4 e6 2.d4 d5 3.Nd2 Nc6
Magnus Queen's Gambit,1.d4 d5 2.c4 e6 3.Nc3 a6
"Sicilian Defense: Canal, Main Line",1.e4 c5 2.Nf3 d6 3.Bb5+ Bd7
Queen's Gambit Accepted,1.d4 d5 2.Nf3 Nf6 3.c4 dxc4
Alapin Sicilian Defense: Barmen Defense,1.e4 c5 2.c3 d5 3.exd5 Qxd5
"Scandinavian Defense: Modern, Portuguese Variation",1.e4 d5 2.exd5 Nf6 3.d4 Bg4
"Sicilian Defense: Hyperaccelerated Dragon, Fianchetto, Pterodactyl Defense",1.e4 c5 2.Nf3 g6 3.d4 Bg7
"English Opening: Carls-Bremen, Reversed Dragon Variation",1.c4 e5 2.Nc3 Nf6 3.g3 d5
"Sicilian Defense: Hyperaccelerated Dragon, Fianchetto, Pterodactyl Defense",1.e4 g6 2.d4 Bg7 3.Nf3 c5
English Opening: Neo-Catalan Defense,1.c4 e6 2.Nf3 d5 3.g3 Nf6
"Queen's Gambit Accepted: Central Variation, McDonnell Defense",1.d4 d5 2.c4 dxc4 3.e4 e5
"French Defense: Tarrasch, Closed",1.e4 e6 2.d4 d5 3.Nd2 Nf6
"French Defense: Tarrasch, Open",1.e4 e6 2.d4 d5 3.Nd2 c5
"Queen's Gambit Declined: Chigorin, Exchange Variation",1.d4 d5 2.c4 Nc6 3.cxd5 Qxd5
"Sicilian Defense: O'Kelly, Maróczy Bind, Paulsen Line",1.e4 c5 2.Nf3 a6 3.c4 e6
Nimzo-Indian Defense,1.d4 Nf6 2.c4 e6 3.Nc3 Bb4
Bogo-Indian Defense,1.d4 Nf6 2.c4 e6 3.Nf3 Bb4+
King's Indian Defense: Normal Variation,1.d4 Nf6 2.c4 g6 3.Nc3 Bg7
"Petrov's Defense: Steinitz Attack, Symmetrical Variation",1.e4 e5 2.Nf3 Nf6 3.d4 Nxe4
Old Indian Defense: Ukrainian Variation,1.d4 Nf6 2.c4 d6 3.Nc3 e5
Queen's Gambit Declined: Pseudo-Tarrasch Defense,1.d4 d5 2.c4 e6 3.Nf3 c5
Philidor Defense: Nimzowitsch Variation,1.e4 e5 2.Nf3 d6 3.d4 Nf6
Four Knights Game,1.e4 e5 2.Nf3 Nc6 3.Nc3 Nf6
Philidor Defense: Exchange Variation,1.e4 e5 2.Nf3 d6 3.d4 exd4
Nimzo-Indian Defense,1.d4 Nf6 2.c4 e6 3.Nc3 Bb4
Sicilian Defense: Smith-Morra Gambit Accepted,1.e4 c5 2.d4 cxd4 3.c3 dxc3
Ruy López Opening: Berlin Defense,1.e4 e5 2.Nf3 Nc6 3.Bb5 Nf6
Benko Gambit,1.d4 Nf6 2.c4 c5 3.d5 b5
"English Opening: Carls-Bremen, Keres Variation",1.c4 e5 2.Nc3 Nf6 3.g3 c6
Pirc Defense: Main Line,1.e4 d6 2.d4 Nf6 3.Nc3 g6
Ruy López Opening: Bird's Defense,1.e4 e5 2.Nf3 Nc6 3.Bb5 Nd4
Modern Defense: Pterodactyl Defense with 3.c4,1.e4 g6 2.d4 Bg7 3.c4 c5
Dutch Defense: Leningrad Variation,1.d4 f5 2.c4 Nf6 3.g3 g6
Ruy López Opening: Jaenisch Gambit,1.e4 e5 2.Nf3 Nc6 3.Bb5 f5
Giuoco Piano Game,1.e4 e5 2.Nf3 Nc6 3.Bc4 Bc5
Caro-Kann Defense: Gurgenidze System,1.e4 c6 2.d4 d5 3.Nc3 g6
"Torre Attack: Classical Defense, Nimzowitsch Variation",1.d4 Nf6 2.Nf3 e6 3.Bg5 h6
"French Defense: Tarrasch, Morozevich Variation",1.e4 e6 2.d4 d5 3.Nd2 Be7
"Indian Game: Spielmann-Indian, Pseudo-Benko Variation",1.d4 Nf6 2.Nf3 c5 3.d5 b5
Ruy López Opening: Old Steinitz Defense,1.e4 e5 2.Nf3 Nc6 3.Bb5 d6
Italian Game: Two Knights Defense,1.e4 e5 2.Nf3 Nc6 3.Bc4 Nf6
King's Indian Attack: French Variation,1.Nf3 d5 2.g3 c5 3.Bg2 Nc6
Queen's Gambit Accepted: Gunsberg Defense with 3...c5,1.d4 d5 2.c4 dxc4 3.Nf3 c5
Benoni Defense: Czech Variation,1.d4 Nf6 2.c4 c5 3.d5 e5
French Defense: Winawer Variation,1.e4 e6 2.d4 d5 3.Nc3 Bb4
"King's Indian Defense: Alekhine Anti-Grünfeld, Neo-Grünfeld Defense, Goglidze Attack",1.d4 Nf6 2.c4 g6 3.f3 d5
Ruy López Opening: Classical Defense,1.e4 e5 2.Nf3 Nc6 3.Bb5 Bc5
Ruy López Opening: Morphy Defense,1.e4 e5 2.Nf3 Nc6 3.Bb5 a6
"Caro-Kann Defense: Advance, Botvinnik-Carls Defense",1.e4 c6 2.d4 d5 3.e5 c5
Sicilian Defense: Anti-Qxd4 Move-Order,1.e4 c5 2.Nf3 d6 3.d4 Nf6
"Slav Defense: Modern, Triangle System",1.d4 d5 2.c4 c6 3.Nf3 e6
"Slav Defense: Modern, Triangle System",1.d4 d5 2.c4 e6 3.Nf3 c6
Italian Game: Hungarian Defense,1.e4 e5 2.Nf3 Nc6 3.Bc4 Be7
"English Opening: Anglo-Indian, Queen's Indian Formation",1.c4 Nf6 2.Nc3 e6 3.Nf3 b6
French Defense: Classical Variation,1.e4 e6 2.d4 d5 3.Nc3 Nf6
English Opening: Nimzo-English Opening,1.c4 Nf6 2.Nc3 e6 3.Nf3 Bb4
"Scandinavian Defense: Mieses-Kotrč, Main Line",1.e4 d5 2.exd5 Qxd5 3.Nc3 Qa5
"Scandinavian Defense: Mieses-Kotrč, Gubinsky-Melts Defense",1.e4 d5 2.exd5 Qxd5 3.Nc3 Qd6
"Modern Defense: Standard, Pterodactyl Defense",1.e4 g6 2.d4 Bg7 3.Nc3 c5
Philidor Defense: Hanham Variation,1.e4 e5 2.Nf3 d6 3.d4 Nd7
"English Opening: Symmetrical, Four Knights Variation",1.c4 c5 2.Nc3 Nc6 3.Nf3 Nf6
"English Opening: Agincourt, Romanishin Variation",1.c4 e6 2.Nf3 Nf6 3.g3 a6
"Queen's Pawn Opening: Torre, Gossip Variation",1.d4 d5 2.Nf3 Nf6 3.Bg5 Ne4
Center Game Accepted: Normal Variation,1.e4 e5 2.d4 exd4 3.Qxd4 Nc6
"English Opening: Agincourt, Romanishin Variation",1.c4 Nf6 2.Nf3 e6 3.g3 a6
Torre Attack: Fianchetto Defense,1.d4 Nf6 2.Nf3 g6 3.Bg5 Bg7
English Opening: Nimzo-English Opening,1.c4 Nf6 2.Nc3 e6 3.Nf3 Bb4
French Defense: Classical Variation,1.e4 e6 2.d4 d5 3.Nc3 Nf6
"English Opening: Anglo-Indian, Queen's Indian Formation",1.c4 Nf6 2.Nc3 e6 3.Nf3 b6
Italian Game: Hungarian Defense,1.e4 e5 2.Nf3 Nc6 3.Bc4 Be7
"Slav Defense: Modern, Triangle System",1.d4 d5 2.c4 e6 3.Nf3 c6
"Slav Defense: Modern, Triangle System",1.d4 d5 2.c4 c6 3.Nf3 e6
Sicilian Defense: Anti-Qxd4 Move-Order,1.e4 c5 2.Nf3 d6 3.d4 Nf6
"Caro-Kann Defense: Advance, Botvinnik-Carls Defense",1.e4 c6 2.d4 d5 3.e5 c5
Ruy López Opening: Morphy Defense,1.e4 e5 2.Nf3 Nc6 3.Bb5 a6
Ruy López Opening: Classical Defense,1.e4 e5 2.Nf3 Nc6 3.Bb5 Bc5
"King's Indian Defense: Alekhine Anti-Grünfeld, Neo-Grünfeld Defense, Goglidze Attack",1.d4 Nf6 2.c4 g6 3.f3 d5
"Modern Defense: Rat Defense, Accelerated Gurgenidze Variation",1.e4 g6 2.d4 d6 3.Nc3 c6
French Defense: Rubinstein Variation,1.d4 d5 2.e4 dxe4 3.Nc3 e6
Benoni Defense: Hromádka System,1.d4 Nf6 2.c4 c5 3.d5 d6
"English Opening: Carls-Bremen, Smyslov System",1.c4 e5 2.Nc3 Nf6 3.g3 Bb4
Ponziani Opening: Jaenisch Counterattack,1.e4 e5 2.Nf3 Nc6 3.c3 Nf6
"Sicilian Defense: Smith-Morra Gambit Declined, Alapin Formation",1.e4 c5 2.d4 cxd4 3.c3 Nf6
"Caro-Kann Defense: Two Knights, Mindeno Variation",1.e4 c6 2.Nc3 d5 3.Nf3 Bg4
English Opening: Four Knights Variation,1.c4 e5 2.Nc3 Nc6 3.Nf3 Nf6
Queen's Indian Defense,1.d4 Nf6 2.c4 e6 3.Nf3 b6
Pirc Defense: Czech Defense,1.e4 d6 2.d4 Nf6 3.Nc3 c6
"English Opening: Mikėnas-Carls, Sicilian Variation",1.c4 Nf6 2.Nc3 e6 3.e4 c5
"Queen's Gambit Declined: Semi-Slav Defense, Accelerated Move-Order",1.d4 d5 2.c4 e6 3.Nc3 c6
Queen's Gambit Accepted: Rosenthal Variation,1.d4 d5 2.c4 dxc4 3.Nf3 e6
Lion Defense,1.e4 d6 2.d4 Nf6 3.Nc3 Nbd7
English Opening: Four Knights Variation,1.c4 e5 2.Nc3 Nc6 3.Nf3 Nf6
"Caro-Kann Defense: Two Knights, Mindeno Variation",1.e4 c6 2.Nc3 d5 3.Nf3 Bg4
"Sicilian Defense: Smith-Morra Gambit Declined, Alapin Formation",1.e4 c5 2.d4 cxd4 3.c3 Nf6
Ponziani Opening: Jaenisch Counterattack,1.e4 e5 2.Nf3 Nc6 3.c3 Nf6
"English Opening: Carls-Bremen, Smyslov System",1.c4 e5 2.Nc3 Nf6 3.g3 Bb4
Benoni Defense: Hromádka System,1.d4 Nf6 2.c4 c5 3.d5 d6
French Defense: Rubinstein Variation,1.d4 d5 2.e4 dxe4 3.Nc3 e6
"Pirc Defense: Main Line, Austrian Attack",1.e4 d6 2.d4 Nf6 3.Nc3 g6 4.f4
"Alekhine's Defense: Two Pawns, Lasker Variation",1.e4 Nf6 2.e5 Nd5 3.c4 Nb6 4.c5
"Slav Defense: Modern, Exchange Variation",1.d4 d5 2.c4 c6 3.Nf3 Nf6 4.cxd5
"French Defense: Knight Variation, Wing Gambit",1.e4 e6 2.Nf3 d5 3.e5 c5 4.b4
Budapest Gambit: Adler Variation,1.d4 Nf6 2.c4 e5 3.dxe5 Ng4 4.Nf3
"French Defense: Winawer, Delayed Exchange Variation",1.e4 e6 2.d4 d5 3.Nc3 Bb4 4.exd5
Benko Gambit Declined: Main Line,1.d4 Nf6 2.c4 c5 3.d5 b5 4.Nf3
"Bishop's Opening: Berlin, Spielmann Attack",1.e4 e5 2.Bc4 Nf6 3.d3 Bc5 4.Nc3
Four Knights Game: Gunsberg Variation,1.e4 e5 2.Nf3 Nc6 3.Nc3 Nf6 4.a3
Grünfeld Defense: Brinckmann Attack,1.d4 Nf6 2.c4 g6 3.Nc3 d5 4.Bf4
"English Opening: Four Knights, Flexible Line",1.c4 e5 2.Nc3 Nc6 3.Nf3 Nf6 4.d3
King's Indian Defense: Smyslov Variation,1.d4 Nf6 2.c4 g6 3.Nc3 Bg7 4.Bg5
"Modern Defense: Pterodactyl, Central Benoni Variation",1.e4 g6 2.d4 Bg7 3.c4 c5 4.d5
"Bishop's Opening: Berlin, Vienna Hybrid Variation",1.e4 e5 2.Bc4 Nf6 3.d3 Nc6 4.Nc3
Grünfeld Defense: Schlechter Variation,1.d4 Nf6 2.c4 g6 3.Nc3 d5 4.e3
"English Opening: Four Knights, Korchnoi Line",1.c4 e5 2.Nc3 Nc6 3.Nf3 Nf6 4.a3
"Petrov's Defense: Steinitz Attack, Symmetrical, Center Variation",1.e4 e5 2.Nf3 Nf6 3.d4 Nxe4 4.Bd3
"Ruy López Opening: Morphy Defense, Columbus Variation",1.e4 e5 2.Nf3 Nc6 3.Bb5 a6 4.Ba4
Pirc Defense: Semi-Classical Variation,1.e4 d6 2.d4 Nf6 3.Nc3 g6 4.Be2
"Alekhine's Defense: Two Pawns, Lasker Variation",1.e4 Nf6 2.e5 Nd5 3.c4 Nb6 4.c5
"English Opening: Four Knights, Korchnoi Line",1.c4 e5 2.Nc3 Nc6 3.Nf3 Nf6 4.a3
"Modern Defense: Pterodactyl, Central Benoni Variation",1.e4 g6 2.d4 Bg7 3.c4 c5 4.d5
Italian Game: Knight Attack,1.e4 e5 2.Nf3 Nc6 3.Bc4 Nf6 4.Ng5
Four Knights Game: Gunsberg Variation,1.e4 e5 2.Nf3 Nc6 3.Nc3 Nf6 4.a3
"Slav Defense: Modern, Exchange Variation",1.d4 d5 2.c4 c6 3.Nf3 Nf6 4.cxd5
"French Defense: Exchange, Monte Carlo Variation",1.e4 e6 2.d4 d5 3.exd5 exd5 4.c4
"Ruy López Opening: Morphy Defense, Exchange Variation",1.e4 e5 2.Nf3 Nc6 3.Bb5 a6 4.Bxc6
Modern Defense: Averbakh Variation,1.d4 d6 2.c4 g6 3.Nc3 Bg7 4.e4
King's Indian Defense: Fianchetto Variation,1.d4 Nf6 2.c4 g6 3.g3 Bg7 4.Bg2
Queen's Gambit Declined: Catalan Opening,1.d4 d5 2.c4 e6 3.Nf3 Nf6 4.g3
"Ruy López Opening: Classical, Central Variation",1.e4 e5 2.Nf3 Nc6 3.Bb5 Bc5 4.c3
Queen's Indian Defense: Petrosian Variation,1.d4 Nf6 2.c4 e6 3.Nf3 b6 4.a3
Nimzo-Indian Defense: Normal Line,1.d4 Nf6 2.c4 e6 3.Nc3 Bb4 4.e3
"Caro-Kann Defense: Advance, Short Variation with 4.Nf3",1.e4 c6 2.d4 d5 3.e5 Bf5 4.Nf3
Four Knights Game: Spanish Variation,1.e4 e5 2.Nf3 Nc6 3.Nc3 Nf6 4.Bb5
Sicilian Defense: Chekhover Variation,1.e4 c5 2.Nf3 d6 3.d4 cxd4 4.Qxd4
Catalan Opening: Closed,1.d4 Nf6 2.c4 e6 3.g3 d5 4.Bg2
Nimzo-Indian Defense: Three Knights Variation,1.d4 Nf6 2.c4 e6 3.Nc3 Bb4 4.Nf3
"Old Indian Defense: Ukrainian, Two Knights Variation",1.d4 Nf6 2.c4 d6 3.Nc3 e5 4.Nf3
Four Knights Game: Scotch Variation,1.e4 e5 2.Nf3 Nc6 3.Nc3 Nf6 4.d4
Bogo-Indian Defense: Grünfeld Variation,1.d4 Nf6 2.c4 e6 3.Nf3 Bb4+ 4.Nbd2
"Slav Defense: Modern, Breyer Variation",1.d4 d5 2.c4 c6 3.Nf3 Nf6 4.Nbd2
Caro-Kann Defense: Main Line,1.e4 c6 2.d4 d5 3.Nc3 dxe4 4.Nxe4
Nimzo-Indian Defense: Romanishin-Kasparov System,1.d4 Nf6 2.c4 e6 3.Nc3 Bb4 4.g3
"English Opening: Mikėnas-Carls, Flohr Variation",1.c4 Nf6 2.Nc3 e6 3.e4 d5 4.e5
Alekhine's Defense: Modern Variation,1.e4 Nf6 2.e5 Nd5 3.d4 d6 4.Nf3
"Ruy López Opening: Morphy Defense, Exchange Variation",1.e4 e5 2.Nf3 Nc6 3.Bb5 a6 4.Bxc6
Modern Defense: Averbakh Variation,1.d4 d6 2.c4 g6 3.Nc3 Bg7 4.e4
King's Indian Defense: Fianchetto Variation,1.d4 Nf6 2.c4 g6 3.g3 Bg7 4.Bg2
Queen's Gambit Declined: Catalan Opening,1.d4 d5 2.c4 e6 3.Nf3 Nf6 4.g3
"Ruy López Opening: Classical, Central Variation",1.e4 e5 2.Nf3 Nc6 3.Bb5 Bc5 4.c3
Queen's Indian Defense: Petrosian Variation,1.d4 Nf6 2.c4 e6 3.Nf3 b6 4.a3
Nimzo-Indian Defense: Normal Line,1.d4 Nf6 2.c4 e6 3.Nc3 Bb4 4.e3
"Caro-Kann Defense: Advance, Short Variation with 4.Nf3",1.e4 c6 2.d4 d5 3.e5 Bf5 4.Nf3
Four Knights Game: Spanish Variation,1.e4 e5 2.Nf3 Nc6 3.Nc3 Nf6 4.Bb5
Sicilian Defense: Chekhover Variation,1.e4 c5 2.Nf3 d6 3.d4 cxd4 4.Qxd4
"French Defense: Exchange, Monte Carlo Variation",1.e4 e6 2.d4 d5 3.exd5 exd5 4.c4
Caro-Kann Defense: Main Line,1.e4 c6 2.d4 d5 3.Nc3 dxe4 4.Nxe4
"English Opening: Anglo-Indian, Anti-Anti-Grünfeld Variation",1.c4 Nf6 2.Nc3 g6 3.Nf3 Bg7 4.e4
"Slav Defense: Modern, Breyer Variation",1.d4 d5 2.c4 c6 3.Nf3 Nf6 4.Nbd2
"English Opening: Four Knights, Nimzowitsch Variation",1.c4 e5 2.Nc3 Nc6 3.Nf3 Nf6 4.e4
Catalan Opening: Closed,1.d4 Nf6 2.c4 e6 3.g3 d5 4.Bg2
Bogo-Indian Defense: Grünfeld Variation,1.d4 Nf6 2.c4 e6 3.Nf3 Bb4+ 4.Nbd2
Four Knights Game: Scotch Variation,1.e4 e5 2.Nf3 Nc6 3.Nc3 Nf6 4.d4
"Old Indian Defense: Ukrainian, Two Knights Variation",1.d4 Nf6 2.c4 d6 3.Nc3 e5 4.Nf3
Nimzo-Indian Defense: Three Knights Variation,1.d4 Nf6 2.c4 e6 3.Nc3 Bb4 4.Nf3
Giuoco Piano Game: Evans Gambit,1.e4 e5 2.Nf3 Nc6 3.Bc4 Bc5 4.b4
"French Defense: Advance, Nimzowitsch System",1.e4 e6 2.d4 d5 3.e5 c5 4.Nf3
Dutch Defense: Classical Variation,1.d4 f5 2.c4 Nf6 3.g3 e6 4.Bg2
Four Knights Game: Italian Variation,1.e4 e5 2.Nf3 Nc6 3.Nc3 Nf6 4.Bc4
"Ruy López Opening: Jaenisch, Dyckhoff Variation",1.e4 e5 2.Nf3 Nc6 3.Bb5 f5 4.Nc3
Nimzo-Indian Defense: Leningrad Variation,1.d4 Nf6 2.c4 e6 3.Nc3 Bb4 4.Bg5
"Caro-Kann Defense: Advance, Tal Variation",1.e4 c6 2.d4 d5 3.e5 Bf5 4.h4
Nimzo-Indian Defense: Kmoch Variation,1.d4 Nf6 2.c4 e6 3.Nc3 Bb4 4.f3
Scotch Game: Scotch Gambit,1.e4 e5 2.Nf3 Nc6 3.d4 exd4 4.Bc4
"French Defense: Winawer, Winckelmann-Riemer Gambit",1.e4 e6 2.d4 d5 3.Nc3 Bb4 4.a3
Giuoco Piano Game: Evans Gambit,1.e4 e5 2.Nf3 Nc6 3.Bc4 Bc5 4.b4
"Slav Defense: Modern, Three Knights Variation",1.d4 d5 2.c4 c6 3.Nf3 Nf6 4.Nc3
"French Defense: Advance, Nimzowitsch System",1.e4 e6 2.d4 d5 3.e5 c5 4.Nf3
Queen's Gambit Declined: Three Knights Variation,1.d4 d5 2.c4 e6 3.Nc3 Nf6 4.Nf3
"French Defense: Tarrasch, Open, Euwe-Keres Line",1.e4 e6 2.d4 d5 3.Nd2 c5 4.Ngf3
Pirc Defense: Classical Variation,1.e4 d6 2.d4 Nf6 3.Nc3 g6 4.Nf3
"Modern Defense: Standard, Pseudo-Austrian Attack",1.e4 g6 2.d4 Bg7 3.Nc3 d6 4.f4
"Pirc Defense: Main Line, Byrne Variation",1.e4 d6 2.d4 Nf6 3.Nc3 g6 4.Bg5
"Modern Defense: Pterodactyl, Semi-Averbakh Variation",1.e4 g6 2.d4 Bg7 3.c4 c5 4.Nf3
Giuoco Piano Game: Giuoco Pianissimo Variation,1.e4 e5 2.Nf3 Nc6 3.Bc4 Bc5 4.d3
Grünfeld Defense: Stockholm Variation,1.d4 Nf6 2.c4 g6 3.Nc3 d5 4.Bg5
"Modern Defense: Standard, Two Knights Variation",1.e4 g6 2.d4 Bg7 3.Nc3 d6 4.Nf3
Modern Defense: Geller System,1.e4 g6 2.d4 Bg7 3.Nf3 d6 4.c3
"Modern Defense: Standard, Two Knights Variation",1.e4 g6 2.d4 Bg7 3.Nf3 d6 4.Nc3
Queen's Indian Defense: Kasparov Variation,1.d4 Nf6 2.c4 e6 3.Nf3 b6 4.Nc3
Queen's Gambit Accepted: Showalter Variation,1.d4 d5 2.c4 dxc4 3.Nf3 Nf6 4.Nc3
Queen's Gambit Declined: Traditional Variation,1.d4 d5 2.c4 e6 3.Nf3 Nf6 4.Bg5
Queen's Gambit Accepted: Mannheim Variation,1.d4 d5 2.c4 dxc4 3.Nf3 Nf6 4.Qa4+
Sicilian Defense: Kan Variation,1.e4 c5 2.Nf3 e6 3.d4 cxd4 4.Nxd4 a6
Sicilian Defense: Taimanov Variation,1.e4 c5 2.Nf3 e6 3.d4 cxd4 4.Nxd4 Nc6
Semi-Slav Defense,1.d4 d5 2.c4 e6 3.Nc3 Nf6 4.Nf3 c6
Sicilian Defense: Normal Line,1.e4 c5 2.Nf3 e6 3.d4 cxd4 4.Nxd4 Nf6
Grünfeld Defense: Exchange Variation,1.d4 Nf6 2.c4 g6 3.Nc3 d5 4.cxd5 Nxd5
"Sicilian Defense: Old Sicilian, Open, Accelerated Dragon Variation",1.e4 c5 2.Nf3 Nc6 3.d4 cxd4 4.Nxd4 g6
Caro-Kann Defense: Classical Variation,1.e4 c6 2.d4 d5 3.Nc3 dxe4 4.Nxe4 Bf5
"Slav Defense: Modern, Two Knights Attack",1.d4 d5 2.c4 c6 3.Nf3 Nf6 4.Nc3 dxc4
"Queen's Indian Defense: Fianchetto, Nimzowitsch Variation",1.d4 Nf6 2.c4 e6 3.Nf3 b6 4.g3 Ba6
"Philidor Defense: Hanham, Lion Variation",1.e4 e5 2.Nf3 d6 3.d4 Nd7 4.Nc3 Ngf6
"Philidor Defense: Hanham, Lion Variation",1.e4 e5 2.Nf3 d6 3.d4 Nf6 4.Nc3 Nbd7
Queen's Gambit Declined: Ragozin Defense,1.d4 Nf6 2.c4 e6 3.Nc3 Bb4 4.Nf3 d5
"French Defense: Classical, Burn Variation",1.e4 e6 2.d4 d5 3.Nc3 Nf6 4.Bg5 dxe4
"Queen's Indian Defense: Fianchetto, Traditional Line",1.d4 Nf6 2.c4 e6 3.Nf3 b6 4.g3 Bb7
Queen's Gambit Declined: Ragozin Defense,1.d4 d5 2.c4 e6 3.Nc3 Nf6 4.Nf3 Bb4
English Opening: Neo-Catalan Defense Declined,1.c4 e6 2.Nf3 d5 3.g3 Nf6 4.Bg2 Be7
"Sicilian Defense: Open, Löwenthal Variation",1.e4 c5 2.Nf3 Nc6 3.d4 cxd4 4.Nxd4 e5
"English Opening: Fianchetto, Ultra-Symmetrical Line",1.c4 c5 2.Nc3 Nc6 3.g3 g6 4.Bg2 Bg7
Nimzo-Indian Defense: Hübner Variation,1.d4 Nf6 2.c4 e6 3.Nc3 Bb4 4.e3 c5
"Ruy López Opening: Berlin, Rio Gambit Accepted",1.e4 e5 2.Nf3 Nc6 3.Bb5 Nf6 4.O-O Nxe4
Scotch Game: Schmidt Variation,1.e4 e5 2.Nf3 Nc6 3.d4 exd4 4.Nxd4 Nf6
"Slav Defense: Modern, Chameleon Variation",1.d4 d5 2.c4 c6 3.Nf3 Nf6 4.Nc3 a6
Nimzo-Indian Defense: St. Petersburg Variation,1.d4 Nf6 2.c4 e6 3.Nc3 Bb4 4.e3 b6
"Ruy López Opening: Morphy Defense, Modern Steinitz Defense",1.e4 e5 2.Nf3 Nc6 3.Bb5 a6 4.Ba4 d6
"Slav Defense: Modern, Quiet, Schallopp Defense",1.d4 d5 2.c4 c6 3.Nf3 Nf6 4.e3 Bf5
Scotch Game: Classical Variation,1.e4 e5 2.Nf3 Nc6 3.d4 exd4 4.Nxd4 Bc5
Caro-Kann Defense: Karpov Variation,1.e4 c6 2.d4 d5 3.Nc3 dxe4 4.Nxe4 Nd7
Four Knights Game: Scotch Variation Accepted,1.e4 e5 2.Nf3 Nc6 3.Nc3 Nf6 4.d4 exd4
Bogo-Indian Defense: Nimzowitsch Variation,1.d4 Nf6 2.c4 e6 3.Nf3 Bb4+ 4.Bd2 Qe7
"English Opening: Anglo-Indian, King's Knight, Queen's Indian Formation with 4...Bb7",1.c4 Nf6 2.Nf3 e6 3.g3 b6 4.Bg2 Bb7
"French Defense: Rubinstein, Blackburne Defense",1.e4 e6 2.d4 d5 3.Nc3 dxe4 4.Nxe4 Nd7
"Scotch Game: Scotch Gambit, Dubois Réti Defense",1.e4 e5 2.Nf3 Nc6 3.d4 exd4 4.Bc4 Nf6
"Queen's Gambit Declined: Three Knights, Barmen Variation",1.d4 d5 2.c4 e6 3.Nc3 Nf6 4.Nf3 Nbd7
"French Defense: Tarrasch, Open, Chistyakov Defense",1.e4 e6 2.d4 d5 3.Nd2 c5 4.exd5 Qxd5
"Nimzo-Indian Defense: Classical, Berlin Variation",1.d4 Nf6 2.c4 e6 3.Nc3 Bb4 4.Qc2 c5
"Nimzo-Indian Defense: Three Knights, Duchamp Variation",1.d4 Nf6 2.c4 e6 3.Nc3 Bb4 4.Nf3 b6
"English Opening: Reversed Sicilian, Taimanov Variation",1.c4 e5 2.Nc3 Nc6 3.g3 g6 4.Bg2 Bg7
"Nimzo-Indian Defense: Classical, Noa Variation",1.d4 Nf6 2.c4 e6 3.Nc3 Bb4 4.Qc2 d5
"Queen's Gambit Declined: Three Knights, Semi-Tarrasch Defense",1.d4 d5 2.c4 e6 3.Nc3 Nf6 4.Nf3 c5
"Queen's Gambit Declined: Three Knights, Vienna Variation",1.d4 d5 2.c4 e6 3.Nc3 Nf6 4.Nf3 dxc4
"Caro-Kann Defense: Two Knights, Mindeno, Exchange Line",1.e4 c6 2.Nc3 d5 3.Nf3 Bg4 4.h3 Bxf3
English Opening: Neo-Catalan Defense Accepted,1.c4 e6 2.Nf3 d5 3.g3 Nf6 4.Bg2 dxc4
"Caro-Kann Defense: Accelerated Panov, Modern Variation",1.e4 c6 2.c4 d5 3.exd5 cxd5 4.cxd5 Nf6
"French Defense: Classical, MacCutcheon Variation",1.e4 e6 2.d4 d5 3.Nc3 Nf6 4.Bg5 Bb4
"Alekhine's Defense: Modern, Main Line",1.e4 Nf6 2.e5 Nd5 3.d4 d6 4.Nf3 Bg4
"French Defense: Tarrasch, Open, Delayed Exchange Variation",1.e4 e6 2.d4 d5 3.Nd2 c5 4.exd5 exd5
"Sicilian Defense: Open, Godiva Variation",1.e4 c5 2.Nf3 Nc6 3.d4 cxd4 4.Nxd4 Qb6
"Italian Game: Knight Attack, Normal Variation",1.e4 e5 2.Nf3 Nc6 3.Bc4 Nf6 4.Ng5 d5
Four Knights Game: Double Spanish Variation,1.e4 e5 2.Nf3 Nc6 3.Nc3 Nf6 4.Bb5 Bb4
"Slav Defense: Modern, Quiet, Pin Defense",1.d4 d5 2.c4 c6 3.Nf3 Nf6 4.e3 Bg4
"Sicilian Defense: Open, Flohr Variation",1.e4 c5 2.Nf3 Nc6 3.d4 cxd4 4.Nxd4 Qc7
Bogo-Indian Defense: Wade-Smyslov Variation,1.d4 Nf6 2.c4 e6 3.Nf3 Bb4+ 4.Bd2 a5
"Alekhine's Defense: Modern, Larsen Variation",1.e4 Nf6 2.e5 Nd5 3.d4 d6 4.Nf3 dxe5
"Queen's Gambit Declined: Modern, Knight Defense",1.d4 d5 2.c4 e6 3.Nc3 Nf6 4.Bg5 Nbd7
"Four Knights Game: Spanish Variation, Rubinstein Countergambit",1.e4 e5 2.Nf3 Nc6 3.Nc3 Nf6 4.Bb5 Nd4
"Alekhine's Defense: Modern, Alburt Variation",1.e4 Nf6 2.e5 Nd5 3.d4 d6 4.Nf3 g6
"Slav Defense: Modern, Triangle, Noteboom Variation",1.d4 d5 2.c4 c6 3.Nf3 e6 4.Nc3 dxc4
"Slav Defense: Modern, Triangle, Noteboom Variation",1.d4 d5 2.c4 e6 3.Nc3 c6 4.Nf3 dxc4
"Modern Defense: Standard, Two Knights, Suttles Variation",1.e4 g6 2.d4 Bg7 3.Nc3 d6 4.Nf3 c6
"Modern Defense: Averbakh, Kotov Variation",1.d4 d6 2.c4 g6 3.Nc3 Bg7 4.e4 Nc6
Blumenfeld Countergambit,1.d4 Nf6 2.c4 e6 3.Nf3 c5 4.d5 b5
Bogo-Indian Defense: Vītoliņš Variation,1.d4 Nf6 2.c4 e6 3.Nf3 Bb4+ 4.Bd2 c5
Neo-Grünfeld Defense with 3...d5,1.d4 Nf6 2.c4 g6 3.g3 Bg7 4.Bg2 d5
Giuoco Piano Game: Evans Gambit Accepted,1.e4 e5 2.Nf3 Nc6 3.Bc4 Bc5 4.b4 Bxb4
"Ruy López Opening: Morphy Defense, Cozio Defense",1.e4 e5 2.Nf3 Nc6 3.Bb5 a6 4.Ba4 Nge7
Queen's Gambit Accepted: Janowski-Larsen Variation,1.d4 d5 2.c4 dxc4 3.Nf3 Nf6 4.e3 Bg4
"Slav Defense: Modern, Schlechter Variation",1.d4 Nf6 2.c4 g6 3.Nc3 d5 4.Nf3 c6
"Slav Defense: Modern, Schlechter Variation",1.d4 d5 2.c4 c6 3.Nf3 Nf6 4.Nc3 g6
"English Opening: Neo-Catalan, Semi-Slav Defense",1.c4 e6 2.Nf3 d5 3.g3 Nf6 4.Bg2 c6
Bogo-Indian Defense: Exchange Variation,1.d4 Nf6 2.c4 e6 3.Nf3 Bb4+ 4.Bd2 Bxd2+
"French Defense: Winawer, Advance, Petrosian Variation",1.e4 e6 2.d4 d5 3.Nc3 Bb4 4.e5 Qd7
Scandinavian Defense: Modern Variation,1.e4 d5 2.exd5 Nf6 3.d4 Nxd5 4.Nf3 g6
"Nimzo-Indian Defense: Classical, Zürich Variation",1.d4 Nf6 2.c4 e6 3.Nc3 Bb4 4.Qc2 Nc6
King's Indian Defense: Pterodactyl Defense,1.d4 Nf6 2.c4 g6 3.Nf3 Bg7 4.g3 c5
"Ruy López Opening: Berlin, Beverwijk Variation",1.e4 e5 2.Nf3 Nc6 3.Bb5 Nf6 4.O-O Bc5
"Ruy López Opening: Morphy Defense, Caro Variation",1.e4 e5 2.Nf3 Nc6 3.Bb5 a6 4.Ba4 b5
"Scotch Game: Scotch Gambit, Haxo Gambit",1.e4 e5 2.Nf3 Nc6 3.d4 exd4 4.Bc4 Bc5
"King's Indian Defense: Fianchetto, Yugoslav System",1.d4 Nf6 2.c4 g6 3.g3 Bg7 4.Bg2 d6
Scotch Game: Malaniuk Variation,1.e4 e5 2.Nf3 Nc6 3.d4 exd4 4.Nxd4 Bb4+
Queen's Pawn Opening: Horwitz Defense,1.c4 c5 2.Nf3 Nf6 3.d4 cxd4 4.Nxd4 e6
"Ruy López Opening: Morphy Defense, Deferred Classical Defense",1.e4 e5 2.Nf3 Nc6 3.Bb5 a6 4.Ba4 Bc5
"Center Game Accepted: Paulsen, Berger Variation",1.e4 e5 2.d4 exd4 3.Qxd4 Nc6 4.Qe3 Nf6
Queen's Pawn Opening: Benoni Defense,1.d4 e6 2.c4 c5 3.d5 exd5 4.cxd5 d6
"Grünfeld Defense: Schlechter, Makogonov Variation",1.d4 Nf6 2.c4 g6 3.Nc3 d5 4.e3 Bg7
Tarrasch Defense: Schara Gambit,1.d4 d5 2.c4 e6 3.Nc3 c5 4.cxd5 cxd4
Giuoco Piano Game: Four Knights Game,1.e4 e5 2.Nf3 Nc6 3.Bc4 Bc5 4.Nc3 Nf6
"English Opening: Agincourt, Romanishin Variation, Romanishin Gambit",1.c4 e6 2.Nf3 Nf6 3.g3 a6 4.Bg2 b5
"English Opening: Agincourt, Romanishin Variation, Romanishin Gambit",1.c4 Nf6 2.Nf3 e6 3.g3 a6 4.Bg2 b5
"King's Gambit Accepted: Modern, Abbazia Defense",1.e4 e5 2.f4 exf4 3.Nf3 d5 4.exd5 Nf6
Sicilian Defense: Kveinis Variation,1.e4 c5 2.Nf3 e6 3.d4 cxd4 4.Nxd4 Qb6
"Scandinavian Defense: Modern, Marshall, Gipslis Variation",1.e4 d5 2.exd5 Nf6 3.d4 Nxd5 4.Nf3 Bg4
"English Opening: Anglo-Indian, King's Knight, Queen's Indian Formation",1.c4 Nf6 2.Nf3 g6 3.g3 b6 4.Bg2 Bb7
"Dutch Defense: Queen's Knight, Ozols Variation",1.d4 f5 2.c4 Nf6 3.Nc3 g6 4.Nf3 Bg7
Semi-Slav Defense: Main Line,1.d4 d5 2.c4 e6 3.Nc3 Nf6 4.Nf3 c6 5.e3
King's Indian Defense: Standard Development,1.d4 Nf6 2.c4 g6 3.Nc3 Bg7 4.e4 d6 5.Be2
King's Indian Defense: Sämisch Variation,1.d4 Nf6 2.c4 g6 3.Nc3 Bg7 4.e4 d6 5.f3
"Sicilian Defense: Kan, Knight Variation",1.e4 c5 2.Nf3 e6 3.d4 cxd4 4.Nxd4 a6 5.Nc3
"Sicilian Defense: Kan, Modern Variation",1.e4 c5 2.Nf3 e6 3.d4 cxd4 4.Nxd4 a6 5.Bd3
"Slav Defense: Modern, Alapin Variation",1.d4 d5 2.c4 c6 3.Nf3 Nf6 4.Nc3 dxc4 5.a4
"Queen's Gambit Declined: Exchange, Positional Line",1.d4 d5 2.c4 e6 3.Nc3 Nf6 4.cxd5 exd5 5.Bg5
"French Defense: Advance, Paulsen Attack",1.e4 e6 2.d4 d5 3.e5 c5 4.c3 Nc6 5.Nf3
Semi-Slav Defense: Anti-Meran Gambit,1.d4 d5 2.c4 e6 3.Nc3 Nf6 4.Nf3 c6 5.Bg5
"Giuoco Piano Game: Main Line, Giuoco Pianissimo Variation",1.e4 e5 2.Nf3 Nc6 3.Bc4 Bc5 4.c3 Nf6 5.d3
"Sicilian Defense: Open, Accelerated Dragon, Maróczy Bind Formation",1.e4 c5 2.Nf3 Nc6 3.d4 cxd4 4.Nxd4 g6 5.c4
"Sicilian Defense: Open, Accelerated Dragon, Modern Variation",1.e4 c5 2.Nf3 Nc6 3.d4 cxd4 4.Nxd4 g6 5.Nc3
Nimzo-Indian Defense: Bishop Attack,1.d4 Nf6 2.c4 e6 3.Nc3 Bb4 4.e3 O-O 5.Bd3
"Queen's Indian Defense: Kasparov Variation, Petrosian Variation",1.d4 Nf6 2.c4 e6 3.Nf3 b6 4.Nc3 Bb7 5.a3
"Queen's Gambit Declined: Three Knights, Harrwitz Attack",1.d4 d5 2.c4 e6 3.Nc3 Nf6 4.Nf3 Be7 5.Bf4
Benko Gambit Fully-Accepted,1.d4 Nf6 2.c4 c5 3.d5 b5 4.cxb5 a6 5.bxa6
"Ruy López Opening: Morphy Defense, Exchange, Normal Variation",1.e4 e5 2.Nf3 Nc6 3.Bb5 a6 4.Bxc6 dxc6 5.O-O
Petrov's Defense: Classical Attack,1.e4 e5 2.Nf3 Nf6 3.Nxe5 d6 4.Nf3 Nxe4 5.d4
"Pirc Defense: Classical, Quiet System",1.e4 d6 2.d4 Nf6 3.Nc3 g6 4.Nf3 Bg7 5.Be2
"Ruy López Opening: Morphy Defense, Anderssen Variation",1.e4 e5 2.Nf3 Nc6 3.Bb5 a6 4.Ba4 Nf6 5.d3
"Queen's Indian Defense: Fianchetto, Nimzowitsch Variation, Quiet Line",1.d4 Nf6 2.c4 e6 3.Nf3 b6 4.g3 Ba6 5.b3
King's Indian Defense: Makogonov Variation,1.d4 Nf6 2.c4 g6 3.Nc3 Bg7 4.e4 d6 5.h3
"Sicilian Defense: Kan, Maróczy Bind Formation",1.e4 c5 2.Nf3 e6 3.d4 cxd4 4.Nxd4 a6 5.c4
Alekhine's Defense: Exchange Variation,1.e4 Nf6 2.e5 Nd5 3.d4 d6 4.c4 Nb6 5.exd6
Nimzo-Indian Defense: Reshevsky Variation,1.d4 Nf6 2.c4 e6 3.Nc3 Bb4 4.e3 O-O 5.Ne2
Tarrasch Defense: Two Knights Variation,1.d4 d5 2.c4 e6 3.Nc3 c5 4.cxd5 exd5 5.Nf3
King's Indian Defense: Four Pawns Attack,1.d4 Nf6 2.c4 g6 3.Nc3 Bg7 4.e4 d6 5.f4
French Defense: Main Line,1.e4 e6 2.d4 d5 3.Nc3 Nf6 4.Bg5 Be7 5.e5
"Petrov's Defense: Classical, Nimzowitsch Attack",1.e4 e5 2.Nf3 Nf6 3.Nxe5 d6 4.Nf3 Nxe4 5.Nc3
Grünfeld Defense: Petrosian System,1.d4 Nf6 2.c4 g6 3.Nc3 d5 4.Nf3 Bg7 5.Bg5
"Sicilian Defense: Open, Prins Variation",1.e4 c5 2.Nf3 d6 3.d4 cxd4 4.Nxd4 Nf6 5.f3
Grünfeld Defense: Russian Variation,1.d4 Nf6 2.c4 g6 3.Nc3 d5 4.Nf3 Bg7 5.Qb3
"Sicilian Defense: Canal, Main Line, Sokolsky Variation",1.e4 c5 2.Nf3 d6 3.Bb5+ Bd7 4.Bxd7+ Qxd7 5.c4
"Queen's Gambit Declined: Semi-Tarrasch, Main Line",1.d4 d5 2.c4 e6 3.Nc3 Nf6 4.Nf3 c5 5.cxd5
"Sicilian Defense: Taimanov, Szén Variation",1.e4 c5 2.Nf3 e6 3.d4 cxd4 4.Nxd4 Nc6 5.Nb5
"French Defense: Classical, MacCutcheon, Advance Variation",1.e4 e6 2.d4 d5 3.Nc3 Nf6 4.Bg5 Bb4 5.e5
Giuoco Piano Game: Center Attack,1.e4 e5 2.Nf3 Nc6 3.Bc4 Bc5 4.c3 Nf6 5.d4
"Scotch Game: Scotch Gambit, Dubois Réti, Advance Variation",1.e4 e5 2.Nf3 Nc6 3.d4 exd4 4.Bc4 Nf6 5.e5
"Nimzo-Indian Defense: St. Petersburg, Fischer Variation",1.d4 Nf6 2.c4 e6 3.Nc3 Bb4 4.e3 b6 5.Ne2
Grünfeld Defense: Burille Variation,1.d4 Nf6 2.c4 g6 3.Nc3 d5 4.Nf3 Bg7 5.e3
Nimzo-Indian Defense: Sämisch Variation,1.d4 Nf6 2.c4 e6 3.Nc3 Bb4 4.a3 Bxc3+ 5.bxc3
"Ruy López Opening: Morphy Defense, Wormald Attack",1.e4 e5 2.Nf3 Nc6 3.Bb5 a6 4.Ba4 Nf6 5.Qe2
Benko Gambit Half-Accepted: Pawn Return Variation,1.d4 Nf6 2.c4 c5 3.d5 b5 4.cxb5 a6 5.b6
"Nimzo-Indian Defense: Hübner, Rubinstein Variation",1.d4 Nf6 2.c4 e6 3.Nc3 Bb4 4.e3 c5 5.Ne2
English Opening: Anglo-Dutch Defense,1.d4 f5 2.c4 Nf6 3.g3 g6 4.Bg2 Bg7 5.Nf3
"Pirc Defense: Classical, Schlechter Variation",1.e4 d6 2.d4 Nf6 3.Nc3 g6 4.Nf3 Bg7 5.h3
"Giuoco Piano Game: Giuoco Pianissimo, Italian Four Knights Variation",1.e4 e5 2.Nf3 Nc6 3.Bc4 Bc5 4.d3 Nf6 5.Nc3
"French Defense: Tarrasch, Closed, Pawn Center Variation",1.e4 e6 2.d4 d5 3.Nd2 Nf6 4.e5 Nfd7 5.f4
"Slav Defense: Modern, Chameleon, Advance System",1.d4 d5 2.c4 c6 3.Nf3 Nf6 4.Nc3 a6 5.c5
"Scotch Game: Classical, Potter Variation",1.e4 e5 2.Nf3 Nc6 3.d4 exd4 4.Nxd4 Bc5 5.Nb3
Grünfeld Defense: Hungarian Attack,1.d4 Nf6 2.c4 g6 3.Nc3 d5 4.Nf3 Bg7 5.Bf4
Alekhine's Defense: Four Pawns Attack,1.e4 Nf6 2.e5 Nd5 3.d4 d6 4.c4 Nb6 5.f4
"Ruy López Opening: Morphy Defense, Mackenzie Variation",1.e4 e5 2.Nf3 Nc6 3.Bb5 a6 4.Ba4 Nf6 5.d4
"Scotch Game: Dubois Réti, Scotch Gambit",1.e4 e5 2.Nf3 Nc6 3.Bc4 Nf6 4.d4 exd4 5.O-O
"Petrov's Defense: Classical, Cozio Attack",1.e4 e5 2.Nf3 Nf6 3.Nxe5 d6 4.Nf3 Nxe4 5.Qe2
Benko Gambit Half-Accepted: Modern Variation,1.d4 Nf6 2.c4 c5 3.d5 b5 4.cxb5 a6 5.e3
"Queen's Gambit Declined: Semi-Slav Defense, Quiet Variation",1.d4 d5 2.c4 e6 3.Nf3 Nf6 4.e3 c6 5.Nbd2
"Queen's Indian Defense: Fianchetto, Nimzowitsch Variation, Nimzowitsch Attack",1.d4 Nf6 2.c4 e6 3.Nf3 b6 4.g3 Ba6 5.Qa4
King's Indian Defense: Kramer Variation,1.d4 Nf6 2.c4 g6 3.Nc3 Bg7 4.e4 d6 5.Nge2
"Queen's Gambit Declined: Three Knights, Vienna, Quiet Variation",1.d4 d5 2.c4 e6 3.Nc3 Nf6 4.Nf3 dxc4 5.e3
"Queen's Gambit Declined: Ragozin, Alekhine Variation",1.d4 d5 2.c4 e6 3.Nc3 Nf6 4.Nf3 Bb4 5.Qa4+
"French Defense: Winawer, Advance, Bogoljubov Variation",1.e4 e6 2.d4 d5 3.Nc3 Bb4 4.e5 c5 5.Bd2
"King's Indian Defense: Normal, Fianchetto Variation",1.d4 Nf6 2.c4 g6 3.Nc3 Bg7 4.Nf3 d6 5.g3
"English Opening: Fianchetto, Ultra-Symmetrical, Botvinnik System",1.c4 c5 2.Nc3 Nc6 3.g3 g6 4.Bg2 Bg7 5.e4
"King's Indian Defense: Normal, Smyslov Variation",1.d4 Nf6 2.c4 g6 3.Nc3 Bg7 4.Nf3 d6 5.Bg5
"English Opening: Anglo-Indian, Anglo-Grünfeld, Stein Attack",1.c4 Nf6 2.Nc3 d5 3.cxd5 Nxd5 4.Nf3 g6 5.Qa4+
"Ruy López Opening: Morphy Defense, Exchange, Keres Variation",1.e4 e5 2.Nf3 Nc6 3.Bb5 a6 4.Bxc6 dxc6 5.Nc3
"Pirc Defense: Main Line, 150 Attack",1.e4 d6 2.d4 Nf6 3.Nc3 g6 4.Be3 c6 5.Qd2
Colle System: Rubinstein Opening,1.d4 d5 2.Nf3 Nf6 3.e3 e6 4.Bd3 c5 5.b3
"Ruy López Opening: Morphy Defense, Tarrasch Variation",1.e4 e5 2.Nf3 Nc6 3.Bb5 a6 4.Ba4 Nf6 5.Nc3
Benko Gambit Half-Accepted: Dlugy Variation,1.d4 Nf6 2.c4 c5 3.d5 b5 4.cxb5 a6 5.f3
"English Opening: Agincourt, Wimpey System",1.c4 e6 2.Nf3 d5 3.b3 Nf6 4.Bb2 c5 5.e3
Blumenfeld Countergambit: Duz-Khotimirsky Variation,1.d4 Nf6 2.c4 e6 3.Nf3 c5 4.d5 b5 5.Bg5
King's Indian Defense: Accelerated Averbakh Variation,1.d4 Nf6 2.c4 g6 3.Nc3 Bg7 4.e4 d6 5.Bg5
"Slav Defense: Modern, Geller Gambit",1.d4 d5 2.c4 c6 3.Nf3 Nf6 4.Nc3 dxc4 5.e4
"English Opening: Reversed Sicilian, Taimanov, Hungarian Attack",1.c4 e5 2.Nc3 Nc6 3.g3 g6 4.Bg2 Bg7 5.Rb1
Benko Gambit Half-Accepted: Zaitsev System,1.d4 Nf6 2.c4 c5 3.d5 b5 4.cxb5 a6 5.Nc3
"King's Indian Attack: French, Reversed Grünfeld Variation",1.Nf3 d5 2.g3 c5 3.Bg2 Nc6 4.d4 e6 5.O-O
"Queen's Gambit Declined: Albin, Fianchetto Variation",1.d4 d5 2.c4 e5 3.dxe5 d4 4.Nf3 Nc6 5.g3
"Petrov's Defense: Classical, French Attack",1.e4 e5 2.Nf3 Nf6 3.Nxe5 d6 4.Nf3 Nxe4 5.d3
Colle System: Traditional Line,1.d4 d5 2.Nf3 Nf6 3.e3 e6 4.Bd3 c5 5.c3
"Ruy López Opening: Berlin, Beverwijk, Zukertort Gambit",1.e4 e5 2.Nf3 Nc6 3.Bb5 Bc5 4.O-O Nf6 5.c3
"Sicilian Defense: Open, Najdorf Variation",1.e4 c5 2.Nf3 d6 3.d4 cxd4 4.Nxd4 Nf6 5.Nc3 a6
"Sicilian Defense: Open, Classical Variation",1.e4 c5 2.Nf3 d6 3.d4 cxd4 4.Nxd4 Nf6 5.Nc3 Nc6
"Ruy López Opening: Morphy Defense, Closed",1.e4 e5 2.Nf3 Nc6 3.Bb5 a6 4.Ba4 Nf6 5.O-O Be7
"Sicilian Defense: Taimanov, Bastrikov Variation",1.e4 c5 2.Nf3 e6 3.d4 cxd4 4.Nxd4 Nc6 5.Nc3 Qc7
"Sicilian Defense: Open, Dragon Variation",1.e4 c5 2.Nf3 d6 3.d4 cxd4 4.Nxd4 Nf6 5.Nc3 g6
"Semi-Slav Defense: Main Line, Normal Variation",1.d4 d5 2.c4 e6 3.Nc3 Nf6 4.Nf3 c6 5.e3 Nbd7
"Sicilian Defense: Open, Pelikán and Sveshnikov Variations",1.e4 c5 2.Nf3 Nc6 3.d4 cxd4 4.Nxd4 Nf6 5.Nc3 e5
"Sicilian Defense: Open, Scheveningen Variation",1.e4 c5 2.Nf3 d6 3.d4 cxd4 4.Nxd4 Nf6 5.Nc3 e6
"King's Indian Defense: Sämisch, Normal Defense",1.d4 Nf6 2.c4 g6 3.Nc3 Bg7 4.e4 d6 5.f3 O-O
Sicilian Defense: Four Knights Variation,1.e4 c5 2.Nf3 e6 3.d4 cxd4 4.Nxd4 Nf6 5.Nc3 Nc6
"Slav Defense: Modern, Alapin Variation, Czech Variation",1.d4 d5 2.c4 c6 3.Nf3 Nf6 4.Nc3 dxc4 5.a4 Bf5
"Nimzo-Indian Defense: Bishop Attack, Classical Defense",1.d4 Nf6 2.c4 e6 3.Nc3 Bb4 4.e3 O-O 5.Bd3 d5
"Sicilian Defense: Open, Löwenthal, Kalashnikov Variation",1.e4 c5 2.Nf3 Nc6 3.d4 cxd4 4.Nxd4 e5 5.Nb5 d6
Queen's Gambit Accepted: Classical Defense,1.d4 d5 2.c4 dxc4 3.Nf3 Nf6 4.e3 e6 5.Bxc4 c5
"Ruy López Opening: Morphy Defense, Open",1.e4 e5 2.Nf3 Nc6 3.Bb5 a6 4.Ba4 Nf6 5.O-O Nxe4
"Queen's Indian Defense: Kasparov Variation, Petrosian Variation",1.d4 Nf6 2.c4 e6 3.Nf3 b6 4.Nc3 Bb7 5.a3 d5
Caro-Kann Defense: Tartakower Variation,1.e4 c6 2.d4 d5 3.Nc3 dxe4 4.Nxe4 Nf6 5.Nxf6+ exf6
"French Defense: Advance, Paulsen, Euwe Variation",1.e4 e6 2.d4 d5 3.e5 c5 4.c3 Nc6 5.Nf3 Bd7
"Ruy López Opening: Berlin, l'Hermet Variation",1.e4 e5 2.Nf3 Nc6 3.Bb5 Nf6 4.O-O Nxe4 5.d4 Nd6
"Sicilian Defense: Kan, Modern, Polugaevsky Variation",1.e4 c5 2.Nf3 e6 3.d4 cxd4 4.Nxd4 a6 5.Bd3 Bc5
"Caro-Kann Defense: Panov, Modern Defense",1.e4 c6 2.d4 d5 3.exd5 cxd5 4.c4 Nf6 5.Nc3 Nc6
"Queen's Indian Defense: Fianchetto, Nimzowitsch Variation, Quiet, Check Variation",1.d4 Nf6 2.c4 e6 3.Nf3 b6 4.g3 Ba6 5.b3 Bb4+
"Sicilian Defense: Kan, Knight Variation, Wing Attack",1.e4 c5 2.Nf3 e6 3.d4 cxd4 4.Nxd4 a6 5.Nc3 b5
Tarrasch Defense: Symmetrical Variation,1.d4 d5 2.c4 e6 3.Nc3 c5 4.e3 Nf6 5.Nf3 Nc6
"French Defense: Rubinstein, Fort Knox Variation",1.e4 e6 2.d4 d5 3.Nc3 dxe4 4.Nxe4 Bd7 5.Nf3 Bc6
Semi-Slav Defense Accepted,1.d4 d5 2.c4 e6 3.Nc3 Nf6 4.Nf3 c6 5.Bg5 dxc4
"Italian Game: Knight Attack, Polerio Defense",1.e4 e5 2.Nf3 Nc6 3.Bc4 Nf6 4.Ng5 d5 5.exd5 Na5
"Queen's Indian Defense: Fianchetto, Capablanca Variation",1.d4 Nf6 2.c4 e6 3.Nf3 b6 4.g3 Bb7 5.Bg2 Bb4+
"English Opening: Two Knights, Fianchetto, Ultra-Symmetrical, Reversed Botvinnik System",1.c4 c5 2.Nc3 Nc6 3.g3 g6 4.Bg2 Bg7 5.Nf3 e5
"Ruy López Opening: Morphy Defense, Exchange, Gligorić Variation",1.e4 e5 2.Nf3 Nc6 3.Bb5 a6 4.Bxc6 dxc6 5.O-O f6
"Alapin Sicilian Defense: Barmen, Modern Line",1.e4 c5 2.c3 d5 3.exd5 Qxd5 4.d4 Nf6 5.Nf3 Bg4
"French Defense: Tarrasch, Open, Delayed Exchange, Main Line",1.e4 e6 2.d4 d5 3.Nd2 c5 4.exd5 exd5 5.Ngf3 Nc6
"Caro-Kann Defense: Panov, Fianchetto Defense",1.e4 c6 2.d4 d5 3.exd5 cxd5 4.c4 Nf6 5.Nc3 g6
Caro-Kann Defense: Bronstein-Larsen Variation,1.e4 c6 2.d4 d5 3.Nc3 dxe4 4.Nxe4 Nf6 5.Nxf6+ gxf6
"Réti Opening: King's Indian Attack, Symmetrical Defense",1.Nf3 Nf6 2.g3 g6 3.Bg2 Bg7 4.O-O O-O 5.d3 d5
"French Defense: Advance, Wade Variation",1.e4 e6 2.d4 d5 3.e5 c5 4.c3 Qb6 5.Nf3 Bd7
"English Opening: Symmetrical, Double Fianchetto Defense",1.c4 c5 2.Nf3 Nf6 3.g3 b6 4.Bg2 Bb7 5.O-O g6
Queen's Gambit Declined: Ragozin Defense,1.d4 Nf6 2.c4 e6 3.Nc3 Bb4 4.e3 O-O 5.Nf3 d5
"Pirc Defense: Main Line, Austrian, Dragon Formation",1.e4 d6 2.d4 Nf6 3.Nc3 g6 4.f4 Bg7 5.Nf3 c5
"Nimzo-Indian Defense: Classical, Berlin, Pirc Variation",1.d4 Nf6 2.c4 e6 3.Nc3 Bb4 4.Qc2 c5 5.dxc5 O-O
"Scotch Game: Classical, Intermezzo Variation",1.e4 e5 2.Nf3 Nc6 3.d4 exd4 4.Nxd4 Bc5 5.Nxc6 Qf6
Neo-Grünfeld Defense: Exchange Variation,1.d4 Nf6 2.c4 g6 3.g3 d5 4.Bg2 Bg7 5.cxd5 Nxd5
Semi-Slav Defense: Main Line,1.d4 d5 2.c4 e6 3.Nc3 Nf6 4.Nf3 c6 5.e3 a6
"Ruy López Opening: Morphy Defense, Mackenzie, Center Attack",1.e4 e5 2.Nf3 Nc6 3.Bb5 a6 4.Ba4 Nf6 5.d4 exd4
"French Defense: Winawer, Advance, Retreat Variation",1.e4 e6 2.d4 d5 3.Nc3 Bb4 4.e5 c5 5.a3 Ba5
"English Opening: Symmetrical, Fianchetto, Rubinstein Variation",1.c4 c5 2.Nc3 Nf6 3.g3 d5 4.cxd5 Nxd5 5.Bg2 Nc7
"Ruy López Opening: Morphy Defense, Deferred Steinitz Defense",1.e4 e5 2.Nf3 Nc6 3.Bb5 a6 4.Ba4 Nf6 5.O-O d6
"English Opening: Reversed Sicilian, Taimanov, Full Symmetry Line",1.c4 e5 2.Nc3 Nc6 3.g3 g6 4.Bg2 Bg7 5.d3 d6
"Ruy López Opening: Morphy Defense, Neo-Arkhangelsk Variation",1.e4 e5 2.Nf3 Nc6 3.Bb5 a6 4.Ba4 Nf6 5.O-O Bc5
"Queen's Pawn Opening: Torre, Grünfeld, Main Line",1.d4 d5 2.Nf3 Nf6 3.Bg5 g6 4.e3 Bg7 5.Nbd2 O-O
"Scandinavian Defense: Mieses-Kotrč, Gubinsky-Melts, Bronstein Variation",1.e4 d5 2.exd5 Qxd5 3.Nc3 Qd6 4.d4 Nf6 5.Nf3 a6
"Grünfeld Defense: Brinckmann, Grünfeld Gambit",1.d4 Nf6 2.c4 g6 3.Nc3 d5 4.Bf4 Bg7 5.e3 O-O
"Queen's Indian Defense: Petrosian Variation, Farago Defense",1.d4 Nf6 2.c4 e6 3.Nf3 b6 4.a3 Ba6 5.Qc2 Bb7
"Alekhine's Defense: Modern, Main Line, Flohr Variation",1.e4 Nf6 2.e5 Nd5 3.d4 d6 4.Nf3 Bg4 5.Be2 c6
"Ruy López Opening: Morphy Defense, Exchange, Bronstein Variation",1.e4 e5 2.Nf3 Nc6 3.Bb5 a6 4.Bxc6 dxc6 5.O-O Qd6
"Nimzo-Indian Defense: St. Petersburg, Fischer, Normal Line, Bronstein Variation",1.d4 Nf6 2.c4 e6 3.Nc3 Bb4 4.e3 b6 5.Ne2 Ba6
"Sicilian Defense: Open, Kupreichik Variation",1.e4 c5 2.Nf3 d6 3.d4 cxd4 4.Nxd4 Nf6 5.Nc3 Bd7
"Giuoco Piano Game: Evans Accepted, Main Line",1.e4 e5 2.Nf3 Nc6 3.Bc4 Bc5 4.b4 Bxb4 5.c3 Ba5
"Slav Defense: Modern, Alapin Variation, Soultanbéieff Variation",1.d4 d5 2.c4 c6 3.Nf3 Nf6 4.Nc3 dxc4 5.a4 e6
Nimzo-Indian Defense: Deferred Hübner Variation,1.d4 Nf6 2.c4 e6 3.Nc3 Bb4 4.e3 O-O 5.Nf3 c5
"King's Indian Attack: Double Fianchetto, Pachman System",1.Nf3 d5 2.g3 g6 3.Bg2 Bg7 4.O-O e5 5.d3 Ne7
"Sicilian Defense: Kan, Modern, Swiss Cheese Variation",1.e4 c5 2.Nf3 e6 3.d4 cxd4 4.Nxd4 a6 5.Bd3 g6
"Ruy López Opening: Jaenisch, Dyckhoff, Tartakower Variation",1.e4 e5 2.Nf3 Nc6 3.Bb5 f5 4.Nc3 fxe4 5.Nxe4 Nf6
Caro-Kann Defense: Gurgenidze System,1.e4 g6 2.d4 Bg7 3.Nc3 c6 4.f4 d5 5.e5 h5
Sicilian Defense: Pin Variation,1.e4 c5 2.Nf3 e6 3.d4 cxd4 4.Nxd4 Nf6 5.Nc3 Bb4
"Slav Defense: Modern, Alapin Variation, Steiner Variation",1.d4 d5 2.c4 c6 3.Nf3 Nf6 4.Nc3 dxc4 5.a4 Bg4
"French Defense: Winawer, Alekhine-Maróczy Gambit Accepted",1.e4 e6 2.d4 d5 3.Nc3 Bb4 4.Ne2 dxe4 5.a3 Bxc3+
King's Indian Defense: Orthodox Variation,1.d4 Nf6 2.c4 g6 3.Nc3 Bg7 4.e4 d6 5.Nf3 O-O 6.Be2
"Sicilian Defense: Open, Classical, Richter-Rauzer Variation",1.e4 c5 2.Nf3 d6 3.d4 cxd4 4.Nxd4 Nf6 5.Nc3 Nc6 6.Bg5
"King's Indian Defense: Fianchetto, Yugoslav, Panno System",1.d4 Nf6 2.c4 g6 3.g3 Bg7 4.Bg2 d6 5.Nf3 O-O 6.O-O
"Sicilian Defense: Open, Najdorf, English Attack",1.e4 c5 2.Nf3 d6 3.d4 cxd4 4.Nxd4 Nf6 5.Nc3 a6 6.Be3
"Sicilian Defense: Open, Najdorf, Opočenský Variation",1.e4 c5 2.Nf3 d6 3.d4 cxd4 4.Nxd4 Nf6 5.Nc3 a6 6.Be2
"Semi-Slav Defense: Main Line, Stoltz Variation",1.d4 d5 2.c4 e6 3.Nc3 Nf6 4.Nf3 c6 5.e3 Nbd7 6.Qc2
"Sicilian Defense: Open, Classical, Sozin Attack",1.e4 c5 2.Nf3 d6 3.d4 cxd4 4.Nxd4 Nf6 5.Nc3 Nc6 6.Bc4
"Queen's Indian Defense: Fianchetto, Classical Variation",1.d4 Nf6 2.c4 e6 3.Nf3 b6 4.g3 Bb7 5.Bg2 Be7 6.O-O
"Sicilian Defense: Open, Najdorf, Lipnitsky Attack",1.e4 c5 2.Nf3 d6 3.d4 cxd4 4.Nxd4 Nf6 5.Nc3 a6 6.Bc4
"Benoni Defense: Modern, King's Pawn Line",1.d4 Nf6 2.c4 c5 3.d5 e6 4.Nc3 exd5 5.cxd5 d6 6.e4
King's Indian Defense: Averbakh Variation,1.d4 Nf6 2.c4 g6 3.Nc3 Bg7 4.e4 d6 5.Be2 O-O 6.Bg5
"Sicilian Defense: Open, Najdorf, Adams' Attack",1.e4 c5 2.Nf3 d6 3.d4 cxd4 4.Nxd4 Nf6 5.Nc3 a6 6.h3
"Slav Defense: Modern, Alapin Variation, Czech, Classical System",1.d4 d5 2.c4 c6 3.Nf3 Nf6 4.Nc3 dxc4 5.a4 Bf5 6.e3
Neo-Grünfeld Defense: Classical Variation,1.d4 Nf6 2.c4 g6 3.g3 d5 4.Bg2 Bg7 5.Nf3 O-O 6.O-O
"Scotch Game: Schmidt, Mieses Variation",1.e4 e5 2.Nf3 Nc6 3.d4 exd4 4.Nxd4 Nf6 5.Nxc6 bxc6 6.e5
"Slav Defense: Modern, Alapin Variation, Czech, Krause Attack",1.d4 d5 2.c4 c6 3.Nf3 Nf6 4.Nc3 dxc4 5.a4 Bf5 6.Ne5
"French Defense: Advance, Paulsen, Main Line",1.e4 e6 2.d4 d5 3.e5 c5 4.c3 Nc6 5.Nf3 Qb6 6.a3
"Sicilian Defense: Open, Najdorf, Amsterdam Variation",1.e4 c5 2.Nf3 d6 3.d4 cxd4 4.Nxd4 Nf6 5.Nc3 a6 6.f4
"Sicilian Defense: Open, Scheveningen, Classical Variation",1.e4 c5 2.Nf3 d6 3.d4 cxd4 4.Nxd4 Nf6 5.Nc3 e6 6.Be2
"Sicilian Defense: Open, Scheveningen, Keres Attack",1.e4 c5 2.Nf3 d6 3.d4 cxd4 4.Nxd4 Nf6 5.Nc3 e6 6.g4
"Ruy López Opening: Morphy Defense, Closed, Martinez Variation",1.e4 e5 2.Nf3 Nc6 3.Bb5 a6 4.Ba4 Nf6 5.O-O Be7 6.d3
"Sicilian Defense: Open, Najdorf, Zagreb Variation",1.e4 c5 2.Nf3 d6 3.d4 cxd4 4.Nxd4 Nf6 5.Nc3 a6 6.g3
"Tarrasch Defense: Two Knights, Rubinstein System",1.d4 d5 2.c4 e6 3.Nc3 c5 4.cxd5 exd5 5.Nf3 Nc6 6.g3
"Pirc Defense: Main Line, Austrian, Weiss Variation",1.e4 d6 2.d4 Nf6 3.Nc3 g6 4.f4 Bg7 5.Nf3 O-O 6.Bd3
"Sicilian Defense: Open, Dragon, Classical Variation",1.e4 c5 2.Nf3 d6 3.d4 cxd4 4.Nxd4 Nf6 5.Nc3 g6 6.Be2
Sicilian Defense: Four Knights Variation,1.e4 c5 2.Nf3 e6 3.d4 cxd4 4.Nxd4 Nf6 5.Nc3 Nc6 6.Nxc6
"Dutch Defense: Fianchetto, Ilyin-Zhenevsky Variation",1.d4 f5 2.g3 Nf6 3.Bg2 e6 4.Nf3 Be7 5.O-O O-O 6.c4
"Caro-Kann Defense: Exchange, Rubinstein Variation",1.e4 c6 2.d4 d5 3.exd5 cxd5 4.Bd3 Nc6 5.c3 Nf6 6.Bf4
"Italian Game: Knight Attack, Polerio, Bishop Check Line",1.e4 e5 2.Nf3 Nc6 3.Bc4 Nf6 4.Ng5 d5 5.exd5 Na5 6.Bb5+
"King's Indian Defense: Sämisch, Steiner Attack",1.d4 Nf6 2.c4 g6 3.Nc3 Bg7 4.e4 d6 5.f3 O-O 6.Bg5
King's Indian Defense: Semi-Averbakh System,1.d4 Nf6 2.c4 g6 3.Nc3 Bg7 4.e4 d6 5.Be2 O-O 6.Be3
Semi-Slav Defense Accepted: Botvinnik Variation,1.d4 d5 2.c4 e6 3.Nc3 Nf6 4.Nf3 c6 5.Bg5 dxc4 6.e4
"Ruy López Opening: Morphy Defense, Delayed Exchange Variation",1.e4 e5 2.Nf3 Nc6 3.Bb5 a6 4.Ba4 Nf6 5.O-O Be7 6.Bxc6
"King's Indian Defense: Sämisch, Bobotsov-Korchnoi-Petrosian Variation",1.d4 Nf6 2.c4 g6 3.Nc3 Bg7 4.e4 d6 5.f3 O-O 6.Nge2
"Queen's Indian Defense: Fianchetto, Anti-Queen's Indian System",1.d4 Nf6 2.c4 e6 3.Nf3 b6 4.g3 Bb7 5.Bg2 Be7 6.Nc3
"Semi-Slav Defense: Anti-Meran, Anti-Moscow Gambit",1.d4 d5 2.c4 e6 3.Nc3 Nf6 4.Nf3 c6 5.Bg5 h6 6.Bh4
Alapin Sicilian Defense: Stoltz Attack,1.e4 c5 2.c3 Nf6 3.e5 Nd5 4.Nf3 Nc6 5.Bc4 Nb6 6.Bb3
"Queen's Gambit Declined: Semi-Tarrasch, Main Line, Exchange Variation",1.d4 d5 2.c4 e6 3.Nc3 Nf6 4.Nf3 c5 5.cxd5 Nxd5 6.e4
"French Defense: Main Line, Alekhine-Chatard Attack",1.e4 e6 2.d4 d5 3.Nc3 Nf6 4.Bg5 Be7 5.e5 Nfd7 6.h4
"French Defense: Advance, Paulsen, Milner-Barry Gambit",1.e4 e6 2.d4 d5 3.e5 c5 4.c3 Nc6 5.Nf3 Qb6 6.Bd3
"Queen's Gambit Declined: Exchange, Positional Line, Reshevsky Variation",1.d4 d5 2.c4 e6 3.Nc3 Nf6 4.cxd5 exd5 5.Bg5 c6 6.Qc2
"Sicilian Defense: Open, Classical, Fianchetto Variation",1.e4 c5 2.Nf3 d6 3.d4 cxd4 4.Nxd4 Nf6 5.Nc3 Nc6 6.g3
"Ruy López Opening: Morphy Defense, Worrall Attack",1.e4 e5 2.Nf3 Nc6 3.Bb5 a6 4.Ba4 Nf6 5.O-O Be7 6.Qe2
"Sicilian Defense: Open, Scheveningen, Matanović Attack",1.e4 c5 2.Nf3 d6 3.d4 cxd4 4.Nxd4 Nf6 5.Nc3 e6 6.f4
"Slav Defense: Modern, Alapin Variation, Czech, Bled Attack",1.d4 d5 2.c4 c6 3.Nf3 Nf6 4.Nc3 dxc4 5.a4 Bf5 6.Nh4
"Sicilian Defense: Open, Scheveningen, Sozin Attack",1.e4 c5 2.Nf3 d6 3.d4 cxd4 4.Nxd4 Nf6 5.Nc3 e6 6.Bc4
"Sicilian Defense: Open, Dragon, Fianchetto Variation",1.e4 c5 2.Nf3 d6 3.d4 cxd4 4.Nxd4 Nf6 5.Nc3 g6 6.g3
"Queen's Pawn Opening: Chigorin, Barry Attack",1.d4 d5 2.Nc3 Nf6 3.Nf3 g6 4.Bf4 Bg7 5.e3 O-O 6.Be2
"Sicilian Defense: Open, Scheveningen, Fianchetto Variation",1.e4 c5 2.Nf3 d6 3.d4 cxd4 4.Nxd4 Nf6 5.Nc3 e6 6.g3
"Caro-Kann Defense: Classical, Flohr Variation",1.e4 c6 2.d4 d5 3.Nc3 dxe4 4.Nxe4 Bf5 5.Ng3 Bg6 6.Nh3
Queen's Gambit Declined: Marshall Gambit,1.d4 d5 2.c4 e6 3.Nc3 c6 4.e4 dxe4 5.Nxe4 Bb4+ 6.Bd2
"Caro-Kann Defense: Karpov, Kasparov Attack",1.e4 c6 2.d4 d5 3.Nc3 dxe4 4.Nxe4 Nd7 5.Nf3 Ngf6 6.Ng3
"Queen's Gambit Declined: Semi-Tarrasch, Main Line, Pillsbury Variation",1.d4 d5 2.c4 e6 3.Nc3 Nf6 4.Nf3 c5 5.cxd5 Nxd5 6.e3
"Sicilian Defense: Open, Najdorf, Freak Attack",1.e4 c5 2.Nf3 d6 3.d4 cxd4 4.Nxd4 Nf6 5.Nc3 a6 6.Rg1
"Pirc Defense: Main Line, Austrian, Unzicker Attack",1.e4 d6 2.d4 Nf6 3.Nc3 g6 4.f4 Bg7 5.Nf3 O-O 6.e5
"Caro-Kann Defense: Tartakower, Forgács Variation",1.e4 c6 2.d4 d5 3.Nc3 dxe4 4.Nxe4 Nf6 5.Nxf6+ exf6 6.Bc4
"Queen's Gambit Accepted: Classical, Main Line",1.d4 d5 2.c4 dxc4 3.Nf3 Nf6 4.e3 e6 5.Bxc4 c5 6.O-O a6
"King's Indian Defense: Fianchetto, Karlsbad Variation",1.d4 Nf6 2.c4 g6 3.Nc3 Bg7 4.Nf3 d6 5.g3 O-O 6.Bg2 Nc6
Nimzo-Indian Defense: Gligorić System,1.d4 Nf6 2.c4 e6 3.Nc3 Bb4 4.e3 O-O 5.Nf3 d5 6.Bd3 c5
"King's Indian Defense: Fianchetto, Debrecen Defense",1.d4 Nf6 2.c4 g6 3.Nc3 Bg7 4.Nf3 d6 5.g3 O-O 6.Bg2 Nbd7
"Neo-Grünfeld Defense: Classical, Original Defense",1.d4 Nf6 2.c4 g6 3.g3 d5 4.Bg2 Bg7 5.Nf3 O-O 6.O-O c6
"English Opening: Symmetrical, Hedgehog Defense",1.c4 c5 2.Nf3 Nf6 3.g3 b6 4.Bg2 Bb7 5.O-O e6 6.Nc3 Be7
Queen's Gambit Declined: Orthodox Defense,1.d4 d5 2.c4 e6 3.Nc3 Nf6 4.Bg5 Be7 5.e3 O-O 6.Nf3 Nbd7
Sicilian Defense: Taimanov Variation,1.e4 c5 2.Nf3 d6 3.d4 cxd4 4.Nxd4 Nf6 5.Nc3 e6 6.Bc4 Nc6
"Queen's Indian Defense: Fianchetto, Nimzowitsch Variation, Quiet, Check Variation, Intermezzo Line",1.d4 Nf6 2.c4 e6 3.Nf3 b6 4.g3 Ba6 5.b3 Bb4+ 6.Bd2 Be7
"Slav Defense: Exchange, Symmetrical Line",1.d4 d5 2.c4 c6 3.Nf3 Nf6 4.cxd5 cxd5 5.Nc3 Nc6 6.Bf4 Bf5
Queen's Gambit Declined: Neo-Orthodox Variation,1.d4 d5 2.c4 e6 3.Nc3 Nf6 4.Bg5 Be7 5.e3 O-O 6.Nf3 h6
"Nimzo-Indian Defense: Classical, Keres Defense",1.d4 Nf6 2.c4 e6 3.Nc3 Bb4 4.Qc2 O-O 5.a3 Bxc3+ 6.Qxc3 b6
"Tarrasch Defense: Two Knights, Rubinstein, Prague Variation",1.d4 d5 2.c4 e6 3.Nc3 c5 4.cxd5 exd5 5.Nf3 Nc6 6.g3 Nf6
Caro-Kann Defense: Panov Attack,1.d4 Nf6 2.c4 e6 3.Nc3 Bb4 4.e3 c5 5.Nf3 cxd4 6.exd4 d5
"Sicilian Defense: Open, Classical, Anti-Sozin Variation",1.e4 c5 2.Nf3 d6 3.d4 cxd4 4.Nxd4 Nf6 5.Nc3 Nc6 6.Bc4 Qb6
"Dutch Defense: Classical, Stonewall Variation, Modern Variation",1.d4 f5 2.c4 e6 3.Nf3 Nf6 4.g3 c6 5.Bg2 d5 6.O-O Bd6
"Sicilian Defense: Open, Classical, Boleslavsky Variation",1.e4 c5 2.Nf3 d6 3.d4 cxd4 4.Nxd4 Nf6 5.Nc3 Nc6 6.Be2 e5
"King's Indian Defense: Orthodox, Kazakh Variation",1.d4 Nf6 2.c4 g6 3.Nc3 Bg7 4.e4 d6 5.Nf3 O-O 6.Be2 Na6
"King's Indian Defense: Sämisch, Orthodox Variation",1.d4 Nf6 2.c4 g6 3.Nc3 Bg7 4.e4 d6 5.f3 O-O 6.Be3 e5
"Ruy López Opening: Morphy Defense, Arkhangelsk Variation",1.e4 e5 2.Nf3 Nc6 3.Bb5 a6 4.Ba4 Nf6 5.O-O b5 6.Bb3 Bb7
"Sicilian Defense: Open, Classical, Richter-Rauzer, Modern Variation",1.e4 c5 2.Nf3 d6 3.d4 cxd4 4.Nxd4 Nf6 5.Nc3 Nc6 6.Bg5 Bd7
"King's Indian Defense: Fianchetto, Yugoslav, Kaválek-Bronstein Variation",1.d4 Nf6 2.c4 g6 3.g3 Bg7 4.Bg2 d6 5.Nf3 O-O 6.Nc3 c6
Queen's Gambit Declined: Cambridge Springs Defense,1.d4 d5 2.c4 e6 3.Nc3 Nf6 4.Bg5 Nbd7 5.e3 c6 6.Nf3 Qa5
Queen's Gambit Declined: Cambridge Springs Defense,1.d4 d5 2.c4 e6 3.Nc3 Nf6 4.Bg5 Nbd7 5.Nf3 c6 6.e3 Qa5
"Pirc Defense: Classical, Quiet, Czech Defense",1.e4 d6 2.d4 Nf6 3.Nc3 g6 4.Nf3 Bg7 5.Be2 O-O 6.O-O c6
"King's Indian Defense: Sämisch, Yates Defense",1.d4 Nf6 2.c4 g6 3.Nc3 Bg7 4.e4 d6 5.f3 O-O 6.Be3 Nc6
"Neo-Grünfeld Defense: Classical, Modern Defense",1.d4 Nf6 2.c4 g6 3.g3 d5 4.Bg2 Bg7 5.Nf3 O-O 6.O-O dxc4
"English Opening: Anglo-Indian, King's Indian Defense",1.d4 Nf6 2.c4 g6 3.g3 d5 4.Bg2 Bg7 5.Nf3 O-O 6.cxd5 Nxd5
"King's Indian Defense: Sämisch, Sämisch Gambit",1.d4 Nf6 2.c4 g6 3.Nc3 Bg7 4.e4 d6 5.f3 O-O 6.Be3 c5
"King's Indian Defense: Averbakh, Benoni Defense",1.d4 Nf6 2.c4 g6 3.Nc3 Bg7 4.e4 d6 5.Be2 O-O 6.Bg5 c5
"French Defense: Classical, Burn, Morozevich Line",1.e4 e6 2.d4 d5 3.Nc3 Nf6 4.Bg5 dxe4 5.Nxe4 Be7 6.Bxf6 gxf6
"Petrov's Defense: Classical Attack, Mason-Showalter Variation",1.e4 e5 2.Nf3 Nf6 3.Nxe5 d6 4.Nf3 Nxe4 5.d4 d5 6.Bd3 Nc6
"Sicilian Defense: Open, Najdorf, Anti-English Variation",1.e4 c5 2.Nf3 d6 3.d4 cxd4 4.Nxd4 Nf6 5.Nc3 a6 6.Be3 Ng4
"French Defense: Winawer, Classical Variation",1.e4 e6 2.d4 d5 3.Nc3 Bb4 4.e5 c5 5.a3 Bxc3+ 6.bxc3 Qc7
Sicilian Defense: Taimanov Variation,1.e4 c5 2.Nf3 d6 3.d4 cxd4 4.Nxd4 Nf6 5.Nc3 e6 6.Be2 Nc6
"Petrov's Defense: Classical Attack, Marshall Variation",1.e4 e5 2.Nf3 Nf6 3.Nxe5 d6 4.Nf3 Nxe4 5.d4 d5 6.Bd3 Bd6
"French Defense: Classical, MacCutcheon, Advance, Lasker Variation",1.e4 e6 2.d4 d5 3.Nc3 Nf6 4.Bg5 Bb4 5.e5 h6 6.Bd2 Bxc3
"Queen's Gambit Declined: Harrwitz, Two Knights Defense",1.d4 d5 2.c4 e6 3.Nc3 Nf6 4.Nf3 Be7 5.Bf4 O-O 6.e3 Nbd7
"Semi-Slav Defense: Main Line, Chigorin Defense",1.d4 d5 2.c4 e6 3.Nc3 Nf6 4.Nf3 c6 5.e3 Nbd7 6.Bd3 Bd6
"Four Knights Game: Double Spanish, Symmetrical Variation",1.e4 e5 2.Nf3 Nc6 3.Nc3 Nf6 4.Bb5 Bb4 5.O-O O-O 6.d3 d6
"King's Indian Defense: Averbakh, Modern Defense",1.d4 Nf6 2.c4 g6 3.Nc3 Bg7 4.e4 d6 5.Be2 O-O 6.Bg5 Na6
"Caro-Kann Defense: Panov, Modern, Mieses Line",1.e4 c6 2.d4 d5 3.exd5 cxd5 4.c4 Nf6 5.Nc3 Nc6 6.Nf3 Bg4
"Pirc Defense: Classical, Quiet, Parma Defense",1.e4 d6 2.d4 Nf6 3.Nc3 g6 4.Nf3 Bg7 5.Be2 O-O 6.O-O Bg4
"French Defense: Advance, Paulsen, Main Line, Lputian Variation",1.e4 e6 2.d4 d5 3.e5 c5 4.c3 Nc6 5.Nf3 Qb6 6.a3 Nh6
"Slav Defense: Modern, Alapin Variation, Czech, Krause, Wiesbaden Variation",1.d4 d5 2.c4 c6 3.Nf3 Nf6 4.Nc3 dxc4 5.a4 Bf5 6.Ne5 e6
"King's Indian Defense: Fianchetto, Yugoslav Variation, Rare Line",1.d4 Nf6 2.c4 g6 3.Nc3 Bg7 4.Nf3 d6 5.g3 O-O 6.Bg2 c5
"Queen's Gambit Declined: Harrwitz, Fianchetto Defense",1.d4 d5 2.c4 e6 3.Nc3 Nf6 4.Nf3 Be7 5.Bf4 O-O 6.e3 b6
"French Defense: Winawer, Advance, Retreat Variation, Armenian Line",1.e4 e6 2.d4 d5 3.Nc3 Bb4 4.e5 c5 5.a3 Ba5 6.b4 cxd4
"Ruy López Opening: Morphy Defense, Exchange, Alapin Gambit",1.e4 e5 2.Nf3 Nc6 3.Bb5 a6 4.Bxc6 dxc6 5.O-O Bg4 6.h3 h5
"King's Indian Defense: Averbakh, Flexible Defense",1.d4 Nf6 2.c4 g6 3.Nc3 Bg7 4.e4 d6 5.Be2 O-O 6.Bg5 h6
"Sicilian Defense: Four Knights, Cobra Variation",1.e4 c5 2.Nf3 e6 3.d4 cxd4 4.Nxd4 Nf6 5.Nc3 Nc6 6.Ndb5 Bc5
"Queen's Indian Defense: Kasparov Variation, Petrosian Variation",1.d4 Nf6 2.c4 e6 3.Nf3 b6 4.Nc3 Bb7 5.a3 d5 6.cxd5 exd5
Bogo-Indian Defense: Wade-Smyslov Variation,1.d4 Nf6 2.c4 e6 3.Nf3 b6 4.g3 Bb7 5.Bg2 Bb4+ 6.Bd2 a5
Nimzo-Indian Defense: Schlechter Defense,1.d4 Nf6 2.c4 e6 3.Nc3 Bb4 4.e3 O-O 5.Nf3 d5 6.Bd3 b6
"Catalan Opening: Open Defense, Modern Sharp Variation",1.d4 Nf6 2.c4 e6 3.g3 d5 4.Bg2 dxc4 5.Nf3 Nc6 6.Qa4 Bb4+
Ruy López Opening: Fianchetto Defense,1.e4 e5 2.Nf3 Nc6 3.Bb5 a6 4.Ba4 d6 5.c3 Bd7 6.d4 g6
"English Opening: Symmetrical, Anti-Benoni, Geller Variation",1.c4 c5 2.Nf3 Nf6 3.d4 cxd4 4.Nxd4 e6 5.Nc3 Nc6 6.g3 Qb6
"Pirc Defense: Classical, Quiet, Chigorin Line",1.e4 d6 2.d4 Nf6 3.Nc3 g6 4.Nf3 Bg7 5.Be2 O-O 6.O-O Nc6
"Ruy López Opening: Morphy Defense, Closed, Averbakh Variation",1.e4 e5 2.Nf3 Nc6 3.Bb5 a6 4.Ba4 Nf6 5.O-O Be7 6.Re1 d6
"Queen's Indian Defense: Fianchetto, Capablanca, Riumin Variation",1.d4 Nf6 2.c4 e6 3.Nf3 b6 4.g3 Bb7 5.Bg2 Bb4+ 6.Bd2 Be7
"Sicilian Defense: Open, Dragon, Yugoslav Attack",1.e4 c5 2.Nf3 d6 3.d4 cxd4 4.Nxd4 Nf6 5.Nc3 g6 6.Be3 Bg7 7.f3
"King's Indian Defense: Fianchetto, Karlsbad, Panno Variation",1.d4 Nf6 2.c4 g6 3.g3 Bg7 4.Bg2 d6 5.Nf3 O-O 6.Nc3 Nc6 7.O-O
"French Defense: Classical, Steinitz, Boleslavsky Variation",1.e4 e6 2.d4 d5 3.Nc3 Nf6 4.e5 Nfd7 5.f4 c5 6.Nf3 Nc6 7.Be3
"Grünfeld Defense: Exchange, Modern Exchange Variation",1.d4 Nf6 2.c4 g6 3.Nc3 d5 4.cxd5 Nxd5 5.e4 Nxc3 6.bxc3 Bg7 7.Nf3
"Semi-Slav Defense: Main Line, Semi-Meran Variation",1.d4 d5 2.c4 e6 3.Nc3 Nf6 4.Nf3 c6 5.e3 Nbd7 6.Bd3 dxc4 7.Bxc4
"Queen's Indian Defense: Fianchetto, Classical, Traditional Variation",1.d4 Nf6 2.c4 e6 3.Nf3 b6 4.g3 Bb7 5.Bg2 Be7 6.O-O O-O 7.Nc3
King's Indian Defense: Gligorić System,1.d4 Nf6 2.c4 g6 3.Nc3 Bg7 4.e4 d6 5.Nf3 O-O 6.Be2 e5 7.Be3
"French Defense: Winawer, Advance, Poisoned Pawn Variation",1.e4 e6 2.d4 d5 3.Nc3 Bb4 4.e5 c5 5.a3 Bxc3+ 6.bxc3 Ne7 7.Qg4
"Grünfeld Defense: Exchange, Classical Variation",1.d4 Nf6 2.c4 g6 3.Nc3 d5 4.cxd5 Nxd5 5.e4 Nxc3 6.bxc3 Bg7 7.Bc4
King's Indian Defense: Petrosian Variation,1.d4 Nf6 2.c4 g6 3.Nc3 Bg7 4.e4 d6 5.Nf3 O-O 6.Be2 e5 7.d5
"Benoni Defense: Modern, Classical Variation",1.d4 Nf6 2.c4 c5 3.d5 e6 4.Nc3 exd5 5.cxd5 d6 6.e4 g6 7.Nf3
"Sicilian Defense: Open, Scheveningen, Sozin, Main Line",1.e4 c5 2.Nf3 d6 3.d4 cxd4 4.Nxd4 Nf6 5.Nc3 e6 6.Bc4 Nc6 7.Be3
"Sicilian Defense: Open, Scheveningen, English Attack with 7.f3",1.e4 c5 2.Nf3 d6 3.d4 cxd4 4.Nxd4 Nf6 5.Nc3 e6 6.Be3 a6 7.f3
"Sicilian Defense: Taimanov, Bastrikov, English Attack",1.e4 c5 2.Nf3 e6 3.d4 cxd4 4.Nxd4 Nc6 5.Nc3 Qc7 6.Be3 a6 7.Qd2
"King's Indian Defense: Four Pawns, Dynamic Line",1.d4 Nf6 2.c4 g6 3.Nc3 Bg7 4.e4 d6 5.f4 O-O 6.Nf3 c5 7.d5
"Benoni Defense: Modern, Pawn Storm Variation",1.d4 Nf6 2.c4 c5 3.d5 e6 4.Nc3 exd5 5.cxd5 d6 6.e4 g6 7.f4
"English Opening: Fianchetto, Ultra-Symmetrical, Mecking Variation",1.c4 c5 2.Nc3 Nc6 3.g3 g6 4.Bg2 Bg7 5.Nf3 Nf6 6.O-O O-O 7.d4
"King's Indian Defense: Averbakh, Benoni, Advance Variation",1.d4 Nf6 2.c4 g6 3.Nc3 Bg7 4.e4 d6 5.Be2 O-O 6.Bg5 c5 7.d5
"French Defense: Winawer, Positional Variation",1.e4 e6 2.d4 d5 3.Nc3 Bb4 4.e5 c5 5.a3 Bxc3+ 6.bxc3 Ne7 7.Nf3
"Benoni Defense: Modern, Knight's Tour Variation",1.d4 Nf6 2.c4 c5 3.d5 e6 4.Nc3 exd5 5.cxd5 d6 6.Nf3 g6 7.Nd2
"Queen's Gambit Accepted: Classical, Rubinstein Variation",1.d4 d5 2.c4 dxc4 3.Nf3 Nf6 4.e3 e6 5.Bxc4 c5 6.O-O a6 7.a4
"French Defense: Main Line, Steinitz Variation",1.e4 e6 2.d4 d5 3.Nc3 Nf6 4.Bg5 Be7 5.e5 Nfd7 6.Bxe7 Qxe7 7.f4
"Benoni Defense: Modern, Fianchetto Variation",1.d4 Nf6 2.c4 c5 3.d5 e6 4.Nc3 exd5 5.cxd5 d6 6.Nf3 g6 7.g3
"King's Indian Defense: Sämisch, Orthodox, Closed",1.d4 Nf6 2.c4 g6 3.Nc3 Bg7 4.e4 d6 5.f3 O-O 6.Be3 e5 7.d5
"Sicilian Defense: Open, Dragon, Classical Attack",1.e4 c5 2.Nf3 d6 3.d4 cxd4 4.Nxd4 Nf6 5.Nc3 g6 6.Be3 Bg7 7.Be2
"Queen's Gambit Declined: Orthodox, Rubinstein Variation",1.d4 d5 2.c4 e6 3.Nc3 Nf6 4.Bg5 Be7 5.e3 O-O 6.Nf3 Nbd7 7.Qc2
"Semi-Slav Defense: Main Line, Stoltz, Shabalov Attack",1.d4 d5 2.c4 e6 3.Nc3 Nf6 4.Nf3 c6 5.e3 Nbd7 6.Qc2 Bd6 7.g4
"Queen's Indian Defense: Fianchetto, Classical, Kramnik Variation",1.d4 Nf6 2.c4 e6 3.Nf3 b6 4.g3 Bb7 5.Bg2 Be7 6.O-O O-O 7.Re1
"Queen's Gambit Accepted: Classical, Alekhine System",1.d4 d5 2.c4 dxc4 3.Nf3 Nf6 4.e3 e6 5.Bxc4 c5 6.O-O a6 7.Qe2
"Nimzo-Indian Defense: Bishop Attack, Classical, Botvinnik System",1.d4 Nf6 2.c4 e6 3.Nc3 Bb4 4.e3 O-O 5.Bd3 d5 6.a3 Bxc3+ 7.bxc3
"Sicilian Defense: Open, Scheveningen, Delayed Keres Attack",1.e4 c5 2.Nf3 d6 3.d4 cxd4 4.Nxd4 Nf6 5.Nc3 e6 6.Be3 a6 7.g4
"Benoni Defense: Modern, Penrose Variation",1.d4 Nf6 2.c4 c5 3.d5 e6 4.Nc3 exd5 5.cxd5 d6 6.e4 g6 7.Bd3
"English Opening: Fianchetto, Ultra-Symmetrical, Duchamp Variation",1.c4 c5 2.Nc3 Nc6 3.g3 g6 4.Bg2 Bg7 5.Nf3 Nf6 6.O-O O-O 7.d3
"Queen's Gambit Declined: Neo-Orthodox, Anti-Tartakower Variation",1.d4 d5 2.c4 e6 3.Nc3 Nf6 4.Bg5 Be7 5.e3 O-O 6.Nf3 h6 7.Bxf6
"Alekhine's Defense: Four Pawns, Main Line",1.e4 Nf6 2.e5 Nd5 3.d4 d6 4.c4 Nb6 5.f4 dxe5 6.fxe5 Nc6 7.Be3
"Queen's Indian Defense: Fianchetto, Anti-Queen's Indian, Opočenský Variation",1.d4 Nf6 2.c4 e6 3.Nf3 b6 4.g3 Bb7 5.Bg2 Be7 6.Nc3 Ne4 7.Bd2
"King's Indian Defense: Orthodox, Aronin-Taimanov Defense",1.d4 Nf6 2.c4 g6 3.Nc3 Bg7 4.e4 d6 5.Nf3 O-O 6.Be2 e5 7.O-O Nc6
"King's Indian Defense: Fianchetto, Debrecen, Classical Main Line",1.d4 Nf6 2.c4 g6 3.Nc3 Bg7 4.Nf3 d6 5.g3 O-O 6.Bg2 Nbd7 7.O-O e5
"Semi-Slav Defense: Main Line, Semi-Meran Variation",1.d4 d5 2.c4 e6 3.Nc3 Nf6 4.Nf3 c6 5.e3 Nbd7 6.Bd3 dxc4 7.Bxc4 b5
"King's Indian Defense: Orthodox, Positional Defense",1.d4 Nf6 2.c4 g6 3.Nc3 Bg7 4.e4 d6 5.Nf3 O-O 6.Be2 e5 7.O-O Nbd7
"King's Indian Defense: Normal, Fianchetto, Karlsbad, Panno Variation",1.d4 Nf6 2.c4 g6 3.Nc3 Bg7 4.Nf3 d6 5.g3 O-O 6.Bg2 Nc6 7.O-O a6
"Sicilian Defense: Open, Dragon, Belezky Line",1.e4 c5 2.Nf3 d6 3.d4 cxd4 4.Nxd4 Nf6 5.Nc3 g6 6.Be3 Bg7 7.f3 Nc6
Queen's Gambit Declined: Tartakower Defense,1.d4 d5 2.c4 e6 3.Nc3 Nf6 4.Bg5 Be7 5.e3 O-O 6.Nf3 h6 7.Bh4 b6
"King's Indian Defense: Orthodox, Glek Defense",1.d4 Nf6 2.c4 g6 3.Nc3 Bg7 4.e4 d6 5.Nf3 O-O 6.Be2 e5 7.O-O Na6
"Tarrasch Defense: Two Knights, Rubinstein, Prague, Main Line",1.d4 d5 2.c4 e6 3.Nc3 c5 4.cxd5 exd5 5.Nf3 Nc6 6.g3 Nf6 7.Bg2 Be7
"King's Indian Defense: Petrosian Variation, Stein Defense",1.d4 Nf6 2.c4 g6 3.Nc3 Bg7 4.e4 d6 5.Nf3 O-O 6.Be2 e5 7.d5 a5
"Dutch Defense: Leningrad, Warsaw Variation",1.d4 f5 2.c4 Nf6 3.g3 g6 4.Bg2 Bg7 5.Nf3 O-O 6.O-O d6 7.Nc3 c6
"King's Indian Defense: Orthodox, Exchange Variation",1.d4 Nf6 2.c4 g6 3.Nc3 Bg7 4.e4 d6 5.Nf3 O-O 6.Be2 e5 7.dxe5 dxe5
"Old Indian Defense: Ukrainian, Two Knights, Main Line",1.d4 Nf6 2.c4 d6 3.Nc3 e5 4.Nf3 Nbd7 5.e4 Be7 6.Be2 c6 7.O-O O-O
"Sicilian Defense: Open, Scheveningen, Sozin, Flank Variation",1.e4 c5 2.Nf3 d6 3.d4 cxd4 4.Nxd4 Nf6 5.Nc3 e6 6.Bc4 a6 7.Bb3 b5
"King's Indian Defense: Fianchetto, Yugoslav, Kaválek-Bronstein, Kaválek Defense",1.d4 Nf6 2.c4 g6 3.Nc3 Bg7 4.Nf3 d6 5.g3 O-O 6.Bg2 c6 7.O-O Qa5
"Neo-Grünfeld Defense: Classical, Original, Ultra-Delayed Exchange Variation",1.d4 Nf6 2.c4 g6 3.g3 d5 4.Bg2 Bg7 5.Nf3 O-O 6.O-O c6 7.cxd5 cxd5
"King's Indian Defense: Fianchetto, Karlsbad, Panno, Uhlmann-Szabó System",1.d4 Nf6 2.c4 g6 3.Nc3 Bg7 4.Nf3 d6 5.g3 O-O 6.Bg2 Nc6 7.O-O e5
"King's Indian Defense: Fianchetto, Karlsbad, Panno, Uhlmann-Szabó System",1.d4 Nf6 2.c4 g6 3.g3 Bg7 4.Bg2 d6 5.Nf3 O-O 6.Nc3 Nc6 7.O-O e5
"Nimzo-Indian Defense: Gligorić, Bernstein Defense",1.d4 Nf6 2.c4 e6 3.Nc3 Bb4 4.e3 O-O 5.Nf3 d5 6.Bd3 c5 7.O-O Nc6
"Sicilian Defense: Open, Accelerated Dragon, Maróczy Bind, Breyer Variation",1.e4 c5 2.Nf3 Nc6 3.d4 cxd4 4.Nxd4 g6 5.c4 Bg7 6.Be3 Nf6 7.Nc3 Ng4
"Dutch Defense: Leningrad, Matulović Variation",1.d4 f5 2.c4 Nf6 3.g3 g6 4.Bg2 Bg7 5.Nf3 O-O 6.O-O d6 7.Nc3 Nc6
"Queen's Gambit Declined: Harrwitz, Main Line",1.d4 d5 2.c4 e6 3.Nc3 Nf6 4.Nf3 Be7 5.Bf4 O-O 6.e3 c5 7.dxc5 Bxc5
"Sicilian Defense: Open, Accelerated Dragon, Maróczy Bind, Gurgenidze Variation",1.e4 c5 2.Nf3 Nc6 3.d4 cxd4 4.Nxd4 g6 5.c4 Nf6 6.Nc3 Nxd4 7.Qxd4 d6
"King's Indian Defense: Sämisch, Yates, Panno Formation",1.d4 Nf6 2.c4 g6 3.Nc3 Bg7 4.e4 d6 5.f3 O-O 6.Be3 Nc6 7.Nge2 a6
Queen's Gambit Declined: Lasker Defense,1.d4 d5 2.c4 e6 3.Nc3 Nf6 4.Bg5 Be7 5.e3 O-O 6.Nf3 h6 7.Bh4 Ne4
"King's Indian Defense: Fianchetto, Karlsbad, Panno, Lesser Simagin Variation",1.d4 Nf6 2.c4 g6 3.Nc3 Bg7 4.Nf3 d6 5.g3 O-O 6.Bg2 Nc6 7.O-O Bf5
"King's Indian Defense: Fianchetto, Karlsbad, Panno, Lesser Simagin Variation",1.d4 Nf6 2.c4 g6 3.g3 Bg7 4.Bg2 d6 5.Nf3 O-O 6.Nc3 Nc6 7.O-O Bf5
"King's Indian Defense: Fianchetto, Yugoslav, Kaválek-Bronstein, Larsen Defense",1.d4 Nf6 2.c4 g6 3.Nc3 Bg7 4.Nf3 d6 5.g3 O-O 6.Bg2 c6 7.O-O Bf5
"Caro-Kann Defense: Karpov, Smyslov Variation",1.e4 c6 2.d4 d5 3.Nc3 dxe4 4.Nxe4 Nd7 5.Bc4 Ngf6 6.Ng5 e6 7.Qe2 Nb6
"Queen's Indian Defense: Fianchetto, Classical, Nimzowitsch Line",1.d4 Nf6 2.c4 e6 3.Nf3 b6 4.g3 Bb7 5.Bg2 Be7 6.O-O O-O 7.Nc3 d5
"King's Indian Defense: Fianchetto, Karlsbad, Panno, Simagin Variation",1.d4 Nf6 2.c4 g6 3.Nc3 Bg7 4.Nf3 d6 5.g3 O-O 6.Bg2 Nc6 7.O-O Bg4
"King's Indian Defense: Fianchetto, Karlsbad, Panno, Simagin Variation",1.d4 Nf6 2.c4 g6 3.g3 Bg7 4.Bg2 d6 5.Nf3 O-O 6.Nc3 Nc6 7.O-O Bg4
"Grünfeld Defense: Russian, Hungarian Variation",1.d4 Nf6 2.c4 g6 3.Nc3 d5 4.Nf3 Bg7 5.Qb3 dxc4 6.Qxc4 O-O 7.e4 a6
"Slav Defense: Modern, Triangle, Noteboom, Abrahams Variation with 7...a5",1.d4 d5 2.c4 e6 3.Nc3 c6 4.Nf3 dxc4 5.a4 Bb4 6.e3 b5 7.Bd2 a5
"Ruy López Opening: Morphy Defense, Worrall, Castling Line",1.e4 e5 2.Nf3 Nc6 3.Bb5 a6 4.Ba4 Nf6 5.O-O Be7 6.Qe2 b5 7.Bb3 O-O
"Dutch Defense: Fianchetto, Ilyin-Zhenevsky Variation with 7...Qe8",1.d4 f5 2.c4 Nf6 3.g3 e6 4.Bg2 Be7 5.Nf3 O-O 6.O-O d6 7.Nc3 Qe8
"Nimzo-Indian Defense: Hübner, Main Line",1.d4 Nf6 2.c4 e6 3.Nc3 Bb4 4.e3 c5 5.Bd3 Nc6 6.Nf3 Bxc3+ 7.bxc3 d6
"King's Indian Defense: Petrosian Variation, Main Line",1.d4 Nf6 2.c4 g6 3.Nc3 Bg7 4.e4 d6 5.Nf3 O-O 6.Be2 e5 7.d5 Nbd7
"Queen's Gambit Accepted: Classical, Main Line, Furman Variation",1.d4 d5 2.c4 dxc4 3.Nf3 Nf6 4.e3 e6 5.Bxc4 c5 6.O-O a6 7.dxc5 Bxc5
"Caro-Kann Defense: Classical, Spassky Variation",1.e4 c6 2.d4 d5 3.Nc3 dxe4 4.Nxe4 Bf5 5.Ng3 Bg6 6.h4 h6 7.Nf3 Nd7 8.h5
"French Defense: Tarrasch, Closed, Main Line",1.e4 e6 2.d4 d5 3.Nd2 Nf6 4.e5 Nfd7 5.Bd3 c5 6.c3 Nc6 7.Ne2 cxd4 8.cxd4
"Slav Defense: Modern, Alapin Variation, Czech, Classical, Dutch Variation",1.d4 d5 2.c4 c6 3.Nf3 Nf6 4.Nc3 dxc4 5.a4 Bf5 6.e3 e6 7.Bxc4 Bb4 8.O-O
"Ruy López Opening: Morphy Defense, Anti-Marshall Variation",1.e4 e5 2.Nf3 Nc6 3.Bb5 a6 4.Ba4 Nf6 5.O-O Be7 6.Re1 b5 7.Bb3 O-O 8.a4
"Nimzo-Indian Defense: Gligorić, Bronstein Variation",1.d4 Nf6 2.c4 e6 3.Nc3 Bb4 4.e3 O-O 5.Bd3 d5 6.Nf3 c5 7.O-O dxc4 8.Bxc4
"Benoni Defense: Modern, Classical, New York Variation",1.d4 Nf6 2.c4 c5 3.d5 e6 4.Nc3 exd5 5.cxd5 d6 6.e4 g6 7.Nf3 Bg7 8.h3
"King's Indian Defense: Four Pawns, Normal Attack",1.d4 Nf6 2.c4 g6 3.Nc3 Bg7 4.e4 d6 5.f4 O-O 6.Be2 c5 7.d5 e6 8.Nf3
"Catalan Opening: Closed, Main Line",1.d4 Nf6 2.c4 e6 3.g3 d5 4.Bg2 Be7 5.Nf3 O-O 6.O-O Nbd7 7.Qc2 c6 8.Nbd2
"Benoni Defense: Modern, Pawn Storm, Taimanov Variation",1.d4 Nf6 2.c4 c5 3.d5 e6 4.Nc3 exd5 5.cxd5 d6 6.e4 g6 7.f4 Bg7 8.Bb5+
"Petrov's Defense: Classical Attack, Mason-Showalter Variation",1.e4 e5 2.Nf3 Nf6 3.Nxe5 d6 4.Nf3 Nxe4 5.d4 d5 6.Bd3 Be7 7.O-O Nc6 8.c4
"Sicilian Defense: Open, Scheveningen, Sozin, Main Line, Velimirović Attack",1.e4 c5 2.Nf3 d6 3.d4 cxd4 4.Nxd4 Nf6 5.Nc3 e6 6.Bc4 Nc6 7.Be3 Be7 8.Qe2
"Scotch Game: Dubois Réti, Scotch Gambit, Anderssen Attack",1.e4 e5 2.Nf3 Nc6 3.Bc4 Nf6 4.d4 exd4 5.O-O Nxe4 6.Re1 d5 7.Bxd5 Qxd5 8.Nc3
"King's Indian Defense: Fianchetto, Yugoslav, Rare, Advance Line",1.d4 Nf6 2.c4 g6 3.Nc3 Bg7 4.Nf3 d6 5.g3 O-O 6.Bg2 c5 7.O-O Nc6 8.d5
"King's Indian Defense: Orthodox, Positional Defense, Closed Line",1.d4 Nf6 2.c4 g6 3.Nc3 Bg7 4.e4 d6 5.Nf3 O-O 6.Be2 e5 7.O-O Nbd7 8.d5
"Queen's Gambit Declined: Cambridge Springs, Bogoljubov Variation",1.d4 d5 2.c4 e6 3.Nc3 Nf6 4.Bg5 Nbd7 5.e3 c6 6.Nf3 Qa5 7.Nd2 Bb4 8.Qc2
"Nimzo-Indian Defense: Sämisch, Keres Variation",1.d4 Nf6 2.c4 e6 3.Nc3 Bb4 4.a3 Bxc3+ 5.bxc3 c5 6.f3 d5 7.cxd5 Nxd5 8.dxc5
"Ruy López Opening: Morphy Defense, Closed",1.e4 e5 2.Nf3 Nc6 3.Bb5 a6 4.Ba4 Nf6 5.O-O Be7 6.Re1 b5 7.Bb3 O-O 8.c3 d6
"Ruy López Opening: Morphy Defense, Open, Main Line",1.e4 e5 2.Nf3 Nc6 3.Bb5 a6 4.Ba4 Nf6 5.O-O Nxe4 6.d4 b5 7.Bb3 d5 8.dxe5 Be6
"Sicilian Defense: Open, Najdorf, Opočenský, Traditional Line",1.e4 c5 2.Nf3 d6 3.d4 cxd4 4.Nxd4 Nf6 5.Nc3 a6 6.Be2 e5 7.Nb3 Be7 8.O-O O-O
"Ruy López Opening: Berlin, l'Hermet, Berlin Wall Defense",1.e4 e5 2.Nf3 Nc6 3.Bb5 Nf6 4.O-O Nxe4 5.d4 Nd6 6.Bxc6 dxc6 7.dxe5 Nf5 8.Qxd8+ Kxd8
"Sicilian Defense: Open, Najdorf, Traditional Line",1.e4 c5 2.Nf3 d6 3.d4 cxd4 4.Nxd4 Nf6 5.Nc3 a6 6.Bg5 e6 7.f4 Be7 8.Qf3 Qc7
"Grünfeld Defense: Exchange, Classical Variation",1.d4 Nf6 2.c4 g6 3.Nc3 d5 4.cxd5 Nxd5 5.e4 Nxc3 6.bxc3 Bg7 7.Bc4 O-O 8.Ne2 c5
"Semi-Slav Defense: Main Line, Semi-Meran Variation",1.d4 d5 2.c4 e6 3.Nc3 Nf6 4.Nf3 c6 5.e3 Nbd7 6.Bd3 dxc4 7.Bxc4 b5 8.Bd3 Bb7
Ruy López Opening: Marshall Attack,1.e4 e5 2.Nf3 Nc6 3.Bb5 a6 4.Ba4 Nf6 5.O-O Be7 6.Re1 b5 7.Bb3 O-O 8.c3 d5
"King's Indian Defense: Sämisch, Yates, Panno, Main Line",1.d4 Nf6 2.c4 g6 3.Nc3 Bg7 4.e4 d6 5.f3 O-O 6.Be3 Nc6 7.Nge2 a6 8.Qd2 Rb8
"Catalan Opening: Closed, Traditional Variation",1.d4 Nf6 2.c4 e6 3.g3 d5 4.Bg2 Be7 5.Nf3 O-O 6.O-O Nbd7 7.Qc2 c6 8.Nbd2 b6
"Petrov's Defense: Classical Attack, Marshall Variation, Staunton Variation",1.e4 e5 2.Nf3 Nf6 3.Nxe5 d6 4.Nf3 Nxe4 5.d4 d5 6.Bd3 Bd6 7.O-O O-O 8.c4 c6
"Sicilian Defense: Open, Najdorf, Poisoned Pawn Variation",1.e4 c5 2.Nf3 d6 3.d4 cxd4 4.Nxd4 Nf6 5.Nc3 a6 6.Bg5 e6 7.f4 Qb6 8.Qd2 Qxb2
"Slav Defense: Modern, Alapin Variation, Czech, Krause, Carlsbad Variation",1.d4 d5 2.c4 c6 3.Nf3 Nf6 4.Nc3 dxc4 5.a4 Bf5 6.Ne5 Nbd7 7.Nxc4 Qc7 8.g3 e5
"King's Indian Defense: Fianchetto, Yugoslav, Rare, Exchange Variation",1.d4 Nf6 2.c4 g6 3.Nc3 Bg7 4.Nf3 d6 5.g3 O-O 6.Bg2 c5 7.O-O Nc6 8.dxc5 dxc5
"Sicilian Defense: Open, Pelikán and Sveshnikov, Bird Variation",1.e4 c5 2.Nf3 Nc6 3.d4 cxd4 4.Nxd4 Nf6 5.Nc3 e5 6.Ndb5 d6 7.Bg5 a6 8.Na3 Be6
Benko Gambit Fully-Accepted: Fianchetto Defense,1.d4 Nf6 2.c4 c5 3.d5 b5 4.cxb5 a6 5.bxa6 Bxa6 6.Nc3 d6 7.Nf3 g6 8.g3 Bg7
"Caro-Kann Defense: Panov, Fianchetto Defense",1.d4 Nf6 2.c4 g6 3.Nc3 d5 4.Nf3 Bg7 5.e3 c5 6.Be2 cxd4 7.exd4 Nc6 8.O-O O-O
"Queen's Gambit Declined: Tartakower, Makogonov Exchange Variation",1.d4 d5 2.c4 e6 3.Nc3 Nf6 4.Bg5 Be7 5.e3 O-O 6.Nf3 h6 7.Bh4 b6 8.cxd5 Nxd5
"Nimzo-Indian Defense: Gligorić, Bronstein Variation",1.d4 Nf6 2.c4 e6 3.Nc3 Bb4 4.e3 O-O 5.Nf3 d5 6.Bd3 c5 7.O-O dxc4 8.Bxc4 Nbd7
"Sicilian Defense: Open, Najdorf, Opočenský, Modern Line",1.e4 c5 2.Nf3 d6 3.d4 cxd4 4.Nxd4 Nf6 5.Nc3 a6 6.Be2 e5 7.Nb3 Be7 8.O-O Be6
"Ruy López Opening: Morphy Defense, Keres Variation",1.e4 e5 2.Nf3 Nc6 3.Bb5 a6 4.Ba4 Nf6 5.O-O Be7 6.Re1 b5 7.Bb3 d6 8.c3 O-O 9.h3
"Sicilian Defense: Open, Pelikán and Sveshnikov, Chelyabinsk Variation",1.e4 c5 2.Nf3 Nc6 3.d4 cxd4 4.Nxd4 Nf6 5.Nc3 e5 6.Ndb5 d6 7.Bg5 a6 8.Na3 b5 9.Nd5
"Sicilian Defense: Open, Dragon, Main Line",1.e4 c5 2.Nf3 d6 3.d4 cxd4 4.Nxd4 Nf6 5.Nc3 g6 6.Be3 Bg7 7.f3 O-O 8.Qd2 Nc6 9.Bc4
"Sicilian Defense: Open, Dragon, Rauzer Variation",1.e4 c5 2.Nf3 d6 3.d4 cxd4 4.Nxd4 Nf6 5.Nc3 g6 6.Be3 Bg7 7.f3 O-O 8.Qd2 Nc6 9.O-O-O
King's Indian Defense: Classical System,1.d4 Nf6 2.c4 g6 3.Nc3 Bg7 4.e4 d6 5.Nf3 O-O 6.Be2 e5 7.O-O Nc6 8.d5 Ne7 9.Ne1
King's Indian Defense: Bayonet Attack,1.d4 Nf6 2.c4 g6 3.Nc3 Bg7 4.e4 d6 5.Nf3 O-O 6.Be2 e5 7.O-O Nc6 8.d5 Ne7 9.b4
"Ruy López Opening: Morphy Defense, Closed, Yates Variation",1.e4 e5 2.Nf3 Nc6 3.Bb5 a6 4.Ba4 Nf6 5.O-O Be7 6.Re1 b5 7.Bb3 d6 8.c3 O-O 9.d4
"Ruy López Opening: Morphy Defense, Closed, Yates Variation",1.e4 e5 2.Nf3 Nc6 3.Bb5 a6 4.Ba4 Nf6 5.O-O Be7 6.Re1 b5 7.Bb3 O-O 8.c3 d6 9.d4
"Tarrasch Defense: Two Knights, Rubinstein, Prague, Carlsbad Variation",1.d4 d5 2.c4 e6 3.Nc3 c5 4.cxd5 exd5 5.Nf3 Nc6 6.g3 Nf6 7.Bg2 Be7 8.O-O O-O 9.Bg5
"King's Indian Defense: Orthodox, Modern System",1.d4 Nf6 2.c4 g6 3.Nc3 Bg7 4.e4 d6 5.Nf3 O-O 6.Be2 e5 7.O-O Nc6 8.d5 Ne7 9.Nd2
"Nimzo-Indian Defense: Gligorić, Bernstein, Exchange Variation",1.d4 Nf6 2.c4 e6 3.Nc3 Bb4 4.e3 O-O 5.Nf3 d5 6.Bd3 c5 7.O-O Nc6 8.a3 Bxc3 9.bxc3
Benko Gambit Fully-Accepted: Fianchetto Attack,1.d4 Nf6 2.c4 c5 3.d5 b5 4.cxb5 a6 5.bxa6 Bxa6 6.Nc3 g6 7.Nf3 d6 8.g3 Bg7 9.Bg2
"Queen's Indian Defense: Fianchetto, Main Line",1.d4 Nf6 2.c4 e6 3.Nf3 b6 4.g3 Bb7 5.Bg2 Be7 6.O-O O-O 7.Nc3 Ne4 8.Qc2 Nxc3 9.Qxc3
"Ruy López Opening: Morphy Defense, Open, Bernstein Variation",1.e4 e5 2.Nf3 Nc6 3.Bb5 a6 4.Ba4 Nf6 5.O-O Nxe4 6.d4 b5 7.Bb3 d5 8.dxe5 Be6 9.Nbd2
"Ruy López Opening: Morphy Defense, Closed, Pilnik Variation",1.e4 e5 2.Nf3 Nc6 3.Bb5 a6 4.Ba4 Nf6 5.O-O Be7 6.Re1 b5 7.Bb3 d6 8.c3 O-O 9.d3
"Ruy López Opening: Morphy Defense, Closed, Pilnik Variation",1.e4 e5 2.Nf3 Nc6 3.Bb5 a6 4.Ba4 Nf6 5.O-O Be7 6.Re1 b5 7.Bb3 O-O 8.c3 d6 9.d3
"Slav Defense: Modern, Alapin Variation, Czech, Dutch, Main Line",1.d4 d5 2.c4 c6 3.Nf3 Nf6 4.Nc3 dxc4 5.a4 Bf5 6.e3 e6 7.Bxc4 Bb4 8.O-O O-O 9.Qe2
"Sicilian Defense: Open, Dragon, Panov Variation",1.e4 c5 2.Nf3 d6 3.d4 cxd4 4.Nxd4 Nf6 5.Nc3 g6 6.Be3 Bg7 7.f3 O-O 8.Qd2 Nc6 9.g4
"Petrov's Defense: Classical Attack, Mason-Showalter Variation",1.e4 e5 2.Nf3 Nf6 3.Nxe5 d6 4.Nf3 Nxe4 5.d4 d5 6.Bd3 Be7 7.O-O Nc6 8.c4 Nb4 9.Be2
"Ruy López Opening: Morphy Defense, Open, Howell Attack",1.e4 e5 2.Nf3 Nc6 3.Bb5 a6 4.Ba4 Nf6 5.O-O Nxe4 6.d4 b5 7.Bb3 d5 8.dxe5 Be6 9.Qe2
"Ruy López Opening: Morphy Defense, Keres, Breyer Defense",1.e4 e5 2.Nf3 Nc6 3.Bb5 a6 4.Ba4 Nf6 5.O-O Be7 6.Re1 b5 7.Bb3 d6 8.c3 O-O 9.h3 Nb8
"Ruy López Opening: Morphy Defense, Keres, Breyer Defense",1.e4 e5 2.Nf3 Nc6 3.Bb5 a6 4.Ba4 Nf6 5.O-O Be7 6.Re1 b5 7.Bb3 O-O 8.c3 d6 9.h3 Nb8
"Ruy López Opening: Morphy Defense, Keres, Flohr-Zaitsev System",1.e4 e5 2.Nf3 Nc6 3.Bb5 a6 4.Ba4 Nf6 5.O-O Be7 6.Re1 b5 7.Bb3 d6 8.c3 O-O 9.h3 Bb7
"Ruy López Opening: Morphy Defense, Keres, Flohr-Zaitsev System",1.e4 e5 2.Nf3 Nc6 3.Bb5 a6 4.Ba4 Nf6 5.O-O Be7 6.Re1 b5 7.Bb3 O-O 8.c3 d6 9.h3 Bb7
"Ruy López Opening: Morphy Defense, Closed, Yates, Bogoljubov Variation",1.e4 e5 2.Nf3 Nc6 3.Bb5 a6 4.Ba4 Nf6 5.O-O Be7 6.Re1 b5 7.Bb3 O-O 8.c3 d6 9.d4 Bg4
"Sicilian Defense: Open, Najdorf, Main Line",1.e4 c5 2.Nf3 d6 3.d4 cxd4 4.Nxd4 Nf6 5.Nc3 a6 6.Bg5 e6 7.f4 Be7 8.Qf3 Qc7 9.O-O-O Nbd7
"Ruy López Opening: Morphy Defense, Open, Italian Variation",1.e4 e5 2.Nf3 Nc6 3.Bb5 a6 4.Ba4 Nf6 5.O-O Nxe4 6.d4 b5 7.Bb3 d5 8.dxe5 Be6 9.c3 Bc5
"Sicilian Defense: Open, Najdorf, Poisoned Pawn Variation Accepted",1.e4 c5 2.Nf3 d6 3.d4 cxd4 4.Nxd4 Nf6 5.Nc3 a6 6.Bg5 e6 7.f4 Qb6 8.Qd2 Qxb2 9.Rb1 Qa3
"Ruy López Opening: Morphy Defense, Keres Variation",1.e4 e5 2.Nf3 Nc6 3.Bb5 a6 4.Ba4 Nf6 5.O-O Be7 6.Re1 b5 7.Bb3 O-O 8.c3 d6 9.h3 Nd7
"Ruy López Opening: Morphy Defense, Open, Classical Defense",1.e4 e5 2.Nf3 Nc6 3.Bb5 a6 4.Ba4 Nf6 5.O-O Nxe4 6.d4 b5 7.Bb3 d5 8.dxe5 Be6 9.c3 Be7
"Ruy López Opening: Morphy Defense, Keres Variation",1.e4 e5 2.Nf3 Nc6 3.Bb5 a6 4.Ba4 Nf6 5.O-O Be7 6.Re1 b5 7.Bb3 O-O 8.c3 d6 9.h3 Re8
"Ruy López Opening: Morphy Defense, Keres, Smyslov Defense",1.e4 e5 2.Nf3 Nc6 3.Bb5 a6 4.Ba4 Nf6 5.O-O Be7 6.Re1 b5 7.Bb3 O-O 8.c3 d6 9.h3 h6
"Tarrasch Defense: Two Knights, Rubinstein, Prague, Carlsbad, Advance Variation",1.d4 d5 2.c4 e6 3.Nc3 c5 4.cxd5 exd5 5.Nf3 Nc6 6.g3 Nf6 7.Bg2 Be7 8.O-O O-O 9.Bg5 c4
"Queen's Gambit Declined: Orthodox, Capablanca System",1.d4 d5 2.c4 e6 3.Nc3 Nf6 4.Bg5 Be7 5.e3 O-O 6.Nf3 Nbd7 7.Rc1 c6 8.Bd3 dxc4 9.Bxc4 Nd5
"Benoni Defense: Modern, Classical, Czerniak Defense",1.d4 Nf6 2.c4 c5 3.d5 e6 4.Nc3 exd5 5.cxd5 d6 6.e4 g6 7.Nf3 Bg7 8.Be2 O-O 9.O-O Re8
"King's Indian Defense: Bayonet, Sokolov Line",1.d4 Nf6 2.c4 g6 3.Nc3 Bg7 4.e4 d6 5.Nf3 O-O 6.Be2 e5 7.O-O Nc6 8.d5 Ne7 9.b4 Nh5 10.Re1
"French Defense: Winawer, Advance, Poisoned Pawn, Main Line",1.e4 e6 2.d4 d5 3.Nc3 Bb4 4.e5 c5 5.a3 Bxc3+ 6.bxc3 Ne7 7.Qg4 Qc7 8.Qxg7 Rg8 9.Qxh7 cxd4 10.Ne2
King's Indian Defense: Neo-Classical Line,1.d4 Nf6 2.c4 g6 3.Nc3 Bg7 4.e4 d6 5.Nf3 O-O 6.Be2 e5 7.O-O Nc6 8.d5 Ne7 9.Ne1 Nd7 10.Be3
"Caro-Kann Defense: Karpov, Main Line",1.e4 c6 2.d4 d5 3.Nc3 dxe4 4.Nxe4 Nd7 5.Ng5 Ngf6 6.Bd3 e6 7.N1f3 Bd6 8.Qe2 h6 9.Ne4 Nxe4 10.Qxe4
"Benoni Defense: Modern, Classical, Czerniak, Tal Line",1.d4 Nf6 2.c4 c5 3.d5 e6 4.Nc3 exd5 5.cxd5 d6 6.e4 g6 7.Nf3 Bg7 8.Be2 O-O 9.O-O Re8 10.Nd2
"Ruy López Opening: Morphy Defense, Keres, Breyer, Zaitsev Hybrid Variation",1.e4 e5 2.Nf3 Nc6 3.Bb5 a6 4.Ba4 Nf6 5.O-O Be7 6.Re1 b5 7.Bb3 O-O 8.c3 d6 9.h3 Nb8 10.d4 Nbd7
"Sicilian Defense: Open, Pelikán and Sveshnikov, Novosibirsk Variation",1.e4 c5 2.Nf3 Nc6 3.d4 cxd4 4.Nxd4 Nf6 5.Nc3 e5 6.Ndb5 d6 7.Bg5 a6 8.Na3 b5 9.Bxf6 gxf6 10.Nd5 Bg7
"Sicilian Defense: Open, Dragon, Old Line",1.e4 c5 2.Nf3 d6 3.d4 cxd4 4.Nxd4 Nf6 5.Nc3 g6 6.Be3 Bg7 7.f3 O-O 8.Qd2 Nc6 9.Bc4 Bd7 10.O-O-O Rc8
"French Defense: Tarrasch, Open, Chistyakov, Modern Line",1.e4 e6 2.d4 d5 3.Nd2 c5 4.exd5 Qxd5 5.Ngf3 cxd4 6.Bc4 Qd6 7.O-O Nf6 8.Nb3 Nc6 9.Nbxd4 Nxd4 10.Nxd4 a6
Benko Gambit Fully-Accepted,1.d4 Nf6 2.c4 c5 3.d5 b5 4.cxb5 a6 5.bxa6 Bxa6 6.Nc3 d6 7.e4 Bxf1 8.Kxf1 g6 9.g3 Bg7 10.Kg2 O-O 11.Nf3
"Ruy López Opening: Morphy Defense, Keres, Chigorin Defense",1.e4 e5 2.Nf3 Nc6 3.Bb5 a6 4.Ba4 Nf6 5.O-O Be7 6.Re1 b5 7.Bb3 d6 8.c3 O-O 9.h3 Na5 10.Bc2 c5 11.d4 Qc7
"Ruy López Opening: Morphy Defense, Keres, Chigorin Defense",1.e4 e5 2.Nf3 Nc6 3.Bb5 a6 4.Ba4 Nf6 5.O-O Be7 6.Re1 b5 7.Bb3 O-O 8.c3 d6 9.h3 Na5 10.Bc2 c5 11.d4 Qc7
"Ruy López Opening: Marshall Attack, Modern Variation",1.e4 e5 2.Nf3 Nc6 3.Bb5 a6 4.Ba4 Nf6 5.O-O Be7 6.Re1 b5 7.Bb3 O-O 8.c3 d5 9.exd5 Nxd5 10.Nxe5 Nxe5 11.Rxe5 c6
"Ruy López Opening: Morphy Defense, Keres Variation",1.e4 e5 2.Nf3 Nc6 3.Bb5 a6 4.Ba4 Nf6 5.O-O Be7 6.Re1 b5 7.Bb3 O-O 8.c3 d6 9.h3 Na5 10.Bc2 c5 11.d4 Nd7
"Benoni Defense: Modern, Fianchetto, Hastings, Main Line",1.d4 Nf6 2.c4 c5 3.d5 e6 4.Nc3 exd5 5.cxd5 d6 6.Nf3 g6 7.g3 Bg7 8.Bg2 O-O 9.O-O Nbd7 10.Nd2 a6 11.a4 Re8
"King's Indian Defense: Fianchetto, Debrecen, Classical Main, Long Variation",1.d4 Nf6 2.c4 g6 3.Nc3 Bg7 4.Nf3 d6 5.g3 O-O 6.Bg2 Nbd7 7.O-O e5 8.e4 Re8 9.h3 exd4 10.Nxd4 Nc5 11.Re1 a5
"Ruy López Opening: Marshall Attack, Modern, Main Line",1.e4 e5 2.Nf3 Nc6 3.Bb5 a6 4.Ba4 Nf6 5.O-O Be7 6.Re1 b5 7.Bb3 O-O 8.c3 d5 9.exd5 Nxd5 10.Nxe5 Nxe5 11.Rxe5 c6 12.d4
"Caro-Kann Defense: Classical, Spassky, Lobron System",1.e4 c6 2.d4 d5 3.Nc3 dxe4 4.Nxe4 Bf5 5.Ng3 Bg6 6.h4 h6 7.Nf3 Nd7 8.h5 Bh7 9.Bd3 Bxd3 10.Qxd3 e6 11.Bd2 Ngf6 12.O-O-O Be7
"Ruy López Opening: Morphy Defense, Keres, Chigorin, Panov System",1.e4 e5 2.Nf3 Nc6 3.Bb5 a6 4.Ba4 Nf6 5.O-O Be7 6.Re1 b5 7.Bb3 O-O 8.c3 d6 9.h3 Na5 10.Bc2 c5 11.d4 Qc7 12.Nbd2 cxd4 13.cxd4
